1501	VO01T0C5AYIO7CRG	0	0	2018-12-13 12:14:03	2018-12-13 12:14:03
1502	VO015B41621U7IE6	0	0	2018-12-13 12:14:03	2018-12-13 12:14:03
1503	VO01C65W6K44A208	0	0	2018-12-13 12:14:03	2018-12-13 12:14:03
1504	VO0155Z98M5603S3	0	0	2018-12-13 12:14:03	2018-12-13 12:14:03
1505	VO01ZC10M5494A5G	0	0	2018-12-13 12:14:03	2018-12-13 12:14:03
1506	VO010FJEMSSW49E1	0	0	2018-12-13 12:14:03	2018-12-13 12:14:03
1507	VO01BY7U4P291LQJ	0	0	2018-12-13 12:14:03	2018-12-13 12:14:03
1508	VO01TJ9M0JCF44X4	0	0	2018-12-13 12:14:03	2018-12-13 12:14:03
1509	VO0165P99MGR2Z23	0	0	2018-12-13 12:14:03	2018-12-13 12:14:03
1510	VO01YL1J3ISA3A57	0	0	2018-12-13 12:14:03	2018-12-13 12:14:03
1511	VO01L51OQSPR5S2I	0	0	2018-12-13 12:14:03	2018-12-13 12:14:03
1512	VO0190X2A0D09990	0	0	2018-12-13 12:14:03	2018-12-13 12:14:03
1513	VO01A1WWW6J134CJ	0	0	2018-12-13 12:14:03	2018-12-13 12:14:03
1514	VO010F48G98Y81Z9	0	0	2018-12-13 12:14:03	2018-12-13 12:14:03
1515	VO010N517173PQE2	0	0	2018-12-13 12:14:03	2018-12-13 12:14:03
1516	VO01UTAN5319K5Z9	0	0	2018-12-13 12:14:03	2018-12-13 12:14:03
1517	VO01GU86XHH6M21B	0	0	2018-12-13 12:14:03	2018-12-13 12:14:03
1518	VO01Q7PX0093N2M6	0	0	2018-12-13 12:14:03	2018-12-13 12:14:03
1519	VO01RHX5T16M492R	0	0	2018-12-13 12:14:03	2018-12-13 12:14:03
1520	VO018IV548D5304G	0	0	2018-12-13 12:14:03	2018-12-13 12:14:03
1521	VO011FXHD6BCR8S9	0	0	2018-12-13 12:14:03	2018-12-13 12:14:03
1522	VO01NO05651N97DA	0	0	2018-12-13 12:14:03	2018-12-13 12:14:03
1523	VO01U53EMMZ8ZP81	0	0	2018-12-13 12:14:03	2018-12-13 12:14:03
1524	VO019G56OOOS47FQ	0	0	2018-12-13 12:14:03	2018-12-13 12:14:03
1525	VO0187VGX4ZUZ258	0	0	2018-12-13 12:14:03	2018-12-13 12:14:03
1526	VO01304OG33KM5CL	0	0	2018-12-13 12:14:03	2018-12-13 12:14:03
1527	VO0173C57K222ZCO	0	0	2018-12-13 12:14:03	2018-12-13 12:14:03
1528	VO017RM1K49YP4S7	0	0	2018-12-13 12:14:03	2018-12-13 12:14:03
1529	VO013KIMJ00W69S4	0	0	2018-12-13 12:14:03	2018-12-13 12:14:03
1530	VO010L5X0154A63J	0	0	2018-12-13 12:14:03	2018-12-13 12:14:03
1531	VO010NX1D5FX5L1A	0	0	2018-12-13 12:14:03	2018-12-13 12:14:03
1532	VO01HY44CTPXBP69	0	0	2018-12-13 12:14:03	2018-12-13 12:14:03
1533	VO010B7CYKG267TC	0	0	2018-12-13 12:14:03	2018-12-13 12:14:03
1534	VO015602H2P3OB66	0	0	2018-12-13 12:14:03	2018-12-13 12:14:03
1535	VO01P2MQVD9FIX50	0	0	2018-12-13 12:14:03	2018-12-13 12:14:03
1536	VO019960O9819LN1	0	0	2018-12-13 12:14:03	2018-12-13 12:14:03
1537	VO01OO544GNM0422	0	0	2018-12-13 12:14:03	2018-12-13 12:14:03
1538	VO0110AV66WYVSCQ	0	0	2018-12-13 12:14:03	2018-12-13 12:14:03
1539	VO01VD8T406W3084	0	0	2018-12-13 12:14:03	2018-12-13 12:14:03
1540	VO016S7CHX2DM800	0	0	2018-12-13 12:14:03	2018-12-13 12:14:03
1541	VO018EA6MOT50KU6	0	0	2018-12-13 12:14:03	2018-12-13 12:14:03
1542	VO012444AE5ZQD5K	0	0	2018-12-13 12:14:03	2018-12-13 12:14:03
1543	VO010115JG15OM85	0	0	2018-12-13 12:14:03	2018-12-13 12:14:03
1544	VO01DU2MGY2H0017	0	0	2018-12-13 12:14:03	2018-12-13 12:14:03
1545	VO01A3CL2NMV835R	0	0	2018-12-13 12:14:03	2018-12-13 12:14:03
1546	VO0141WJ20397MHI	0	0	2018-12-13 12:14:03	2018-12-13 12:14:03
1547	VO015U3Y6F47267L	0	0	2018-12-13 12:14:03	2018-12-13 12:14:03
1548	VO0170W132RU217D	0	0	2018-12-13 12:14:03	2018-12-13 12:14:03
1549	VO015P366304FR8I	0	0	2018-12-13 12:14:03	2018-12-13 12:14:03
1550	VO01T9S8WZ501C99	0	0	2018-12-13 12:14:03	2018-12-13 12:14:03
1551	VO01KDH342C705VP	0	0	2018-12-13 12:14:03	2018-12-13 12:14:03
1552	VO01Y47T9DE9UZN3	0	0	2018-12-13 12:14:03	2018-12-13 12:14:03
1553	VO0147OY5WGC44D0	0	0	2018-12-13 12:14:03	2018-12-13 12:14:03
1554	VO01N6R5J55457PR	0	0	2018-12-13 12:14:03	2018-12-13 12:14:03
1555	VO01N15261Z257CG	0	0	2018-12-13 12:14:03	2018-12-13 12:14:03
1556	VO01O39F825YTTT0	0	0	2018-12-13 12:14:03	2018-12-13 12:14:03
1557	VO01P315TV66F2M0	0	0	2018-12-13 12:14:03	2018-12-13 12:14:03
1558	VO0131OZ4GT66442	0	0	2018-12-13 12:14:03	2018-12-13 12:14:03
1559	VO010778MSW9MI7U	0	0	2018-12-13 12:14:03	2018-12-13 12:14:03
1560	VO01Z0R0I680478X	0	0	2018-12-13 12:14:03	2018-12-13 12:14:03
1561	VO01C297O45E4UJK	0	0	2018-12-13 12:14:03	2018-12-13 12:14:03
1562	VO014L2JL81Y3W03	0	0	2018-12-13 12:14:03	2018-12-13 12:14:03
1563	VO018ELKZ6EZ5LJU	0	0	2018-12-13 12:14:03	2018-12-13 12:14:03
1564	VO013858LC6L3LA5	0	0	2018-12-13 12:14:03	2018-12-13 12:14:03
1565	VO018OKJ2N7BAGR8	0	0	2018-12-13 12:14:03	2018-12-13 12:14:03
1566	VO01T40Z833B29R7	0	0	2018-12-13 12:14:03	2018-12-13 12:14:03
1567	VO01AN484A1QOVF8	0	0	2018-12-13 12:14:03	2018-12-13 12:14:03
1568	VO0150GCCCGF9UX3	0	0	2018-12-13 12:14:03	2018-12-13 12:14:03
1569	VO01YDDG1F177HTT	0	0	2018-12-13 12:14:03	2018-12-13 12:14:03
1570	VO0128522O4EI445	0	0	2018-12-13 12:14:03	2018-12-13 12:14:03
1571	VO014980OIV539G7	0	0	2018-12-13 12:14:03	2018-12-13 12:14:03
1572	VO01NYESM7641A4L	0	0	2018-12-13 12:14:03	2018-12-13 12:14:03
1573	VO018UXW5HTQ156Y	0	0	2018-12-13 12:14:03	2018-12-13 12:14:03
1574	VO01BD9D5D5Q7UE7	0	0	2018-12-13 12:14:03	2018-12-13 12:14:03
1575	VO01399D631Q8KBP	0	0	2018-12-13 12:14:03	2018-12-13 12:14:03
1576	VO01085Q4P3JFVON	0	0	2018-12-13 12:14:03	2018-12-13 12:14:03
1577	VO01ELV8QKB9WM65	0	0	2018-12-13 12:14:03	2018-12-13 12:14:03
1578	VO01G7EOTJQF3SRA	0	0	2018-12-13 12:14:03	2018-12-13 12:14:03
1579	VO01263RG146M48J	0	0	2018-12-13 12:14:03	2018-12-13 12:14:03
1580	VO01E2L7ELTBJ4DZ	0	0	2018-12-13 12:14:03	2018-12-13 12:14:03
1581	VO01M162XA3883K9	0	0	2018-12-13 12:14:03	2018-12-13 12:14:03
1582	VO01430MM3DV8273	0	0	2018-12-13 12:14:03	2018-12-13 12:14:03
1583	VO01O012I00E669S	0	0	2018-12-13 12:14:03	2018-12-13 12:14:03
1584	VO019UE23GMAIXPB	0	0	2018-12-13 12:14:03	2018-12-13 12:14:03
1585	VO012E1B16QP92M8	0	0	2018-12-13 12:14:03	2018-12-13 12:14:03
1586	VO017H74TQ130DU6	0	0	2018-12-13 12:14:03	2018-12-13 12:14:03
1587	VO01VFMISC83C1ZB	0	0	2018-12-13 12:14:03	2018-12-13 12:14:03
1588	VO01H3M93YI7CQJ1	0	0	2018-12-13 12:14:03	2018-12-13 12:14:03
1589	VO017D2302FIS98B	0	0	2018-12-13 12:14:03	2018-12-13 12:14:03
1590	VO010P72BJ23A395	0	0	2018-12-13 12:14:03	2018-12-13 12:14:03
1591	VO01518K185C72A3	0	0	2018-12-13 12:14:03	2018-12-13 12:14:03
1592	VO01W94WEPNTAOL4	0	0	2018-12-13 12:14:03	2018-12-13 12:14:03
1593	VO01118M905K7B5T	0	0	2018-12-13 12:14:03	2018-12-13 12:14:03
1594	VO0198HIB652YHTZ	0	0	2018-12-13 12:14:03	2018-12-13 12:14:03
1595	VO012F0QFL58UVVM	0	0	2018-12-13 12:14:03	2018-12-13 12:14:03
1596	VO01K66X2001T0CL	0	0	2018-12-13 12:14:03	2018-12-13 12:14:03
1597	VO011H4R364E1W2H	0	0	2018-12-13 12:14:03	2018-12-13 12:14:03
1598	VO01ZVCEZ99IRG2J	0	0	2018-12-13 12:14:03	2018-12-13 12:14:03
1599	VO01B050ADF712SB	0	0	2018-12-13 12:14:03	2018-12-13 12:14:03
1600	VO0182IR444168DI	0	0	2018-12-13 12:14:03	2018-12-13 12:14:03
1601	VO01I3Y43NN005O7	0	0	2018-12-13 12:14:03	2018-12-13 12:14:03
1602	VO01K7G210GNM87B	0	0	2018-12-13 12:14:03	2018-12-13 12:14:03
1603	VO01VO5N432089J3	0	0	2018-12-13 12:14:03	2018-12-13 12:14:03
1604	VO01M71V6F8L3W82	0	0	2018-12-13 12:14:03	2018-12-13 12:14:03
1605	VO01760X0DO3BZ9W	0	0	2018-12-13 12:14:03	2018-12-13 12:14:03
1606	VO0107F080QLRD64	0	0	2018-12-13 12:14:03	2018-12-13 12:14:03
1607	VO01N8IH31HXG297	0	0	2018-12-13 12:14:03	2018-12-13 12:14:03
1608	VO017M08M869MCX7	0	0	2018-12-13 12:14:03	2018-12-13 12:14:03
1609	VO012YTP2224C533	0	0	2018-12-13 12:14:03	2018-12-13 12:14:03
1610	VO01TX629F97256P	0	0	2018-12-13 12:14:03	2018-12-13 12:14:03
1611	VO016C5D754G9310	0	0	2018-12-13 12:14:03	2018-12-13 12:14:03
1612	VO01K2ZTFS7NV56G	0	0	2018-12-13 12:14:03	2018-12-13 12:14:03
1613	VO015AB4129A8318	0	0	2018-12-13 12:14:03	2018-12-13 12:14:03
1614	VO01T5HBC1F8U7UV	0	0	2018-12-13 12:14:03	2018-12-13 12:14:03
1615	VO01I09JV70N32D8	0	0	2018-12-13 12:14:03	2018-12-13 12:14:03
1616	VO01DPPI0QF4XW69	0	0	2018-12-13 12:14:03	2018-12-13 12:14:03
1617	VO01Y98MO6PROC66	0	0	2018-12-13 12:14:03	2018-12-13 12:14:03
1618	VO014RQ7L11V1VJF	0	0	2018-12-13 12:14:03	2018-12-13 12:14:03
1619	VO01YMG3S328J612	0	0	2018-12-13 12:14:03	2018-12-13 12:14:03
1620	VO01GJJ7DI848LFL	0	0	2018-12-13 12:14:03	2018-12-13 12:14:03
1621	VO01H2EX74YWNE86	0	0	2018-12-13 12:14:03	2018-12-13 12:14:03
1622	VO0170641K83D2C2	0	0	2018-12-13 12:14:03	2018-12-13 12:14:03
1623	VO018F8R3P340O91	0	0	2018-12-13 12:14:03	2018-12-13 12:14:03
1624	VO01005T6BD9L0Z6	0	0	2018-12-13 12:14:03	2018-12-13 12:14:03
1625	VO01NF39Q0I81JE2	0	0	2018-12-13 12:14:03	2018-12-13 12:14:03
1626	VO016M9K9487YH40	0	0	2018-12-13 12:14:03	2018-12-13 12:14:03
1627	VO01NS1E2XL230XQ	0	0	2018-12-13 12:14:03	2018-12-13 12:14:03
1628	VO016JMY86ZSCHWJ	0	0	2018-12-13 12:14:03	2018-12-13 12:14:03
1629	VO01I2U333S4STYU	0	0	2018-12-13 12:14:03	2018-12-13 12:14:03
1630	VO01720ZEXHWIQL6	0	0	2018-12-13 12:14:03	2018-12-13 12:14:03
1631	VO01U71BERMT8YX3	0	0	2018-12-13 12:14:03	2018-12-13 12:14:03
1632	VO0159828YDY8YTY	0	0	2018-12-13 12:14:03	2018-12-13 12:14:03
1633	VO016ZQE962N689F	0	0	2018-12-13 12:14:03	2018-12-13 12:14:03
1634	VO019WOURX43RO63	0	0	2018-12-13 12:14:03	2018-12-13 12:14:03
1635	VO01H1YF89M8Y0OL	0	0	2018-12-13 12:14:03	2018-12-13 12:14:03
1636	VO01223RJA0C3K8F	0	0	2018-12-13 12:14:03	2018-12-13 12:14:03
1637	VO01Q6PDUN654ICK	0	0	2018-12-13 12:14:03	2018-12-13 12:14:03
1638	VO01X7QEIG2M8C0T	0	0	2018-12-13 12:14:03	2018-12-13 12:14:03
1639	VO017LWUJ6KF164V	0	0	2018-12-13 12:14:03	2018-12-13 12:14:03
1640	VO010BO342LWR34Y	0	0	2018-12-13 12:14:03	2018-12-13 12:14:03
1641	VO01E12W6784E877	0	0	2018-12-13 12:14:03	2018-12-13 12:14:03
1642	VO01MB8EKG23B08C	0	0	2018-12-13 12:14:03	2018-12-13 12:14:03
1643	VO01EZLJHD2PRO7I	0	0	2018-12-13 12:14:03	2018-12-13 12:14:03
1644	VO01L011JMF1KPWI	0	0	2018-12-13 12:14:03	2018-12-13 12:14:03
1645	VO01HKNQ1QKKEX02	0	0	2018-12-13 12:14:03	2018-12-13 12:14:03
1646	VO01W58OWGS014PY	0	0	2018-12-13 12:14:03	2018-12-13 12:14:03
1647	VO0189MF7O46Q26S	0	0	2018-12-13 12:14:03	2018-12-13 12:14:03
1648	VO01U934AR65VHH9	0	0	2018-12-13 12:14:03	2018-12-13 12:14:03
1649	VO01SL1H0EQ126H6	0	0	2018-12-13 12:14:03	2018-12-13 12:14:03
1650	VO01K3S066D163DA	0	0	2018-12-13 12:14:03	2018-12-13 12:14:03
1651	VO01CW68E10Y2Q9I	0	0	2018-12-13 12:14:03	2018-12-13 12:14:03
1652	VO016F39P197KARX	0	0	2018-12-13 12:14:03	2018-12-13 12:14:03
1653	VO0161XISZ6P886F	0	0	2018-12-13 12:14:03	2018-12-13 12:14:03
1654	VO0162X5MFH9O796	0	0	2018-12-13 12:14:03	2018-12-13 12:14:03
1655	VO01658967JZD9V2	0	0	2018-12-13 12:14:03	2018-12-13 12:14:03
1656	VO01BJ3L3KW520U4	0	0	2018-12-13 12:14:03	2018-12-13 12:14:03
1657	VO01VQR7522Z9H8Q	0	0	2018-12-13 12:14:03	2018-12-13 12:14:03
1658	VO0161ZT7MKZG3B3	0	0	2018-12-13 12:14:03	2018-12-13 12:14:03
1659	VO011LFL2LAC0LYB	0	0	2018-12-13 12:14:03	2018-12-13 12:14:03
1660	VO013553J19OUT22	0	0	2018-12-13 12:14:03	2018-12-13 12:14:03
1661	VO015WOBJ63OTGX7	0	0	2018-12-13 12:14:03	2018-12-13 12:14:03
1662	VO01252486L2Q35D	0	0	2018-12-13 12:14:03	2018-12-13 12:14:03
1663	VO01V2KS02T1162Y	0	0	2018-12-13 12:14:03	2018-12-13 12:14:03
1664	VO01D9S84YC62XL6	0	0	2018-12-13 12:14:03	2018-12-13 12:14:03
1665	VO0124619RLTJM6M	0	0	2018-12-13 12:14:03	2018-12-13 12:14:03
1666	VO017W286VW01IU6	0	0	2018-12-13 12:14:03	2018-12-13 12:14:03
1667	VO01735CE6T4CT3J	0	0	2018-12-13 12:14:03	2018-12-13 12:14:03
1668	VO01FE093X1449QW	0	0	2018-12-13 12:14:03	2018-12-13 12:14:03
1669	VO01RG93BH9EC9TV	0	0	2018-12-13 12:14:03	2018-12-13 12:14:03
1670	VO0102P9351HR18L	0	0	2018-12-13 12:14:03	2018-12-13 12:14:03
1671	VO016Y2842V47U35	0	0	2018-12-13 12:14:03	2018-12-13 12:14:03
1672	VO012341GT9FC96R	0	0	2018-12-13 12:14:03	2018-12-13 12:14:03
1673	VO01NQXI969QWJP4	0	0	2018-12-13 12:14:03	2018-12-13 12:14:03
1674	VO01G38G5AP29XPY	0	0	2018-12-13 12:14:03	2018-12-13 12:14:03
1675	VO019H1HO64P7B15	0	0	2018-12-13 12:14:03	2018-12-13 12:14:03
1676	VO01AMR2X8GCYC81	0	0	2018-12-13 12:14:03	2018-12-13 12:14:03
1677	VO01WQG1FVBFJ8E8	0	0	2018-12-13 12:14:03	2018-12-13 12:14:03
1678	VO0107R5MH0EFQ75	0	0	2018-12-13 12:14:03	2018-12-13 12:14:03
1679	VO01Y8T6I8O15SH6	0	0	2018-12-13 12:14:03	2018-12-13 12:14:03
1680	VO0145VZIUJI63AO	0	0	2018-12-13 12:14:03	2018-12-13 12:14:03
1681	VO01PNP71M7XA574	0	0	2018-12-13 12:14:03	2018-12-13 12:14:03
1682	VO013U8783FZ2N0L	0	0	2018-12-13 12:14:03	2018-12-13 12:14:03
1683	VO01JG9KRO0BCQ3G	0	0	2018-12-13 12:14:03	2018-12-13 12:14:03
1684	VO016B3Y68K2V3AK	0	0	2018-12-13 12:14:03	2018-12-13 12:14:03
1685	VO01V8X81BP060LS	0	0	2018-12-13 12:14:03	2018-12-13 12:14:03
1686	VO01IG01PD7WZ17X	0	0	2018-12-13 12:14:03	2018-12-13 12:14:03
1687	VO01RUO3RY972686	0	0	2018-12-13 12:14:03	2018-12-13 12:14:03
1688	VO01M1EERO5AO779	0	0	2018-12-13 12:14:03	2018-12-13 12:14:03
1689	VO01EIE865DFW6B6	0	0	2018-12-13 12:14:03	2018-12-13 12:14:03
1690	VO011N729913IIR6	0	0	2018-12-13 12:14:03	2018-12-13 12:14:03
1691	VO01E73DP876HPI2	0	0	2018-12-13 12:14:03	2018-12-13 12:14:03
1692	VO019WU79AI170R8	0	0	2018-12-13 12:14:03	2018-12-13 12:14:03
1693	VO014AV2DKZ5UP29	0	0	2018-12-13 12:14:03	2018-12-13 12:14:03
1694	VO011OZNOL5176NL	0	0	2018-12-13 12:14:03	2018-12-13 12:14:03
1695	VO015Q6115QRAPH5	0	0	2018-12-13 12:14:03	2018-12-13 12:14:03
1696	VO01EFLHT83K84KR	0	0	2018-12-13 12:14:03	2018-12-13 12:14:03
1697	VO01434515OC67CD	0	0	2018-12-13 12:14:03	2018-12-13 12:14:03
1698	VO01AS51RJ75Y0O5	0	0	2018-12-13 12:14:03	2018-12-13 12:14:03
1699	VO01Q781088ZMQX8	0	0	2018-12-13 12:14:03	2018-12-13 12:14:03
1700	VO01VX4S91G01Y47	0	0	2018-12-13 12:14:03	2018-12-13 12:14:03
1701	VO0163J5NJYLFNG1	0	0	2018-12-13 12:14:03	2018-12-13 12:14:03
1702	VO01X2MX4KMZLJ4O	0	0	2018-12-13 12:14:03	2018-12-13 12:14:03
1703	VO01064262J1CJ7B	0	0	2018-12-13 12:14:03	2018-12-13 12:14:03
1704	VO01BA3I4013YE8P	0	0	2018-12-13 12:14:03	2018-12-13 12:14:03
1705	VO01K06OSP5D871X	0	0	2018-12-13 12:14:03	2018-12-13 12:14:03
1706	VO01B89FK3DRMD64	0	0	2018-12-13 12:14:03	2018-12-13 12:14:03
1707	VO01NNGZK6745LTK	0	0	2018-12-13 12:14:03	2018-12-13 12:14:03
1708	VO01LYK1B8638948	0	0	2018-12-13 12:14:03	2018-12-13 12:14:03
1709	VO010NVP2RLKVC0I	0	0	2018-12-13 12:14:03	2018-12-13 12:14:03
1710	VO018859Y411139Z	0	0	2018-12-13 12:14:03	2018-12-13 12:14:03
1711	VO01K668706XBF45	0	0	2018-12-13 12:14:03	2018-12-13 12:14:03
1712	VO01MWRBK73T4OE9	0	0	2018-12-13 12:14:03	2018-12-13 12:14:03
1713	VO019DCT46M8Z539	0	0	2018-12-13 12:14:03	2018-12-13 12:14:03
1714	VO016TIC8L7UCHI6	0	0	2018-12-13 12:14:03	2018-12-13 12:14:03
1715	VO01T650M6035PYB	0	0	2018-12-13 12:14:03	2018-12-13 12:14:03
1716	VO01O2NR502E66V4	0	0	2018-12-13 12:14:03	2018-12-13 12:14:03
1717	VO01202LMBEKSW1B	0	0	2018-12-13 12:14:03	2018-12-13 12:14:03
1718	VO01VT1U6C878B19	0	0	2018-12-13 12:14:03	2018-12-13 12:14:03
1719	VO01ANCIE1KO2MXS	0	0	2018-12-13 12:14:03	2018-12-13 12:14:03
1720	VO016PG2PL84KJ80	0	0	2018-12-13 12:14:03	2018-12-13 12:14:03
1721	VO012S0UVPN7T77Y	0	0	2018-12-13 12:14:03	2018-12-13 12:14:03
1722	VO01R54OU2LFV52U	0	0	2018-12-13 12:14:03	2018-12-13 12:14:03
1723	VO01RGHV57SZHJ83	0	0	2018-12-13 12:14:03	2018-12-13 12:14:03
1724	VO0189P87N8S5Z41	0	0	2018-12-13 12:14:03	2018-12-13 12:14:03
1725	VO01I0S786OPW44W	0	0	2018-12-13 12:14:03	2018-12-13 12:14:03
1726	VO01B45LD15P9I02	0	0	2018-12-13 12:14:03	2018-12-13 12:14:03
1727	VO0196P6D9M00FN4	0	0	2018-12-13 12:14:03	2018-12-13 12:14:03
1728	VO01MFS97B0J4C7X	0	0	2018-12-13 12:14:03	2018-12-13 12:14:03
1729	VO01I18CC116YG18	0	0	2018-12-13 12:14:03	2018-12-13 12:14:03
1730	VO01H8J7SWRJN174	0	0	2018-12-13 12:14:03	2018-12-13 12:14:03
1731	VO01797Q81R412F5	0	0	2018-12-13 12:14:03	2018-12-13 12:14:03
1732	VO016224UWK8IIRQ	0	0	2018-12-13 12:14:03	2018-12-13 12:14:03
1733	VO01ZV0GD2J4URV0	0	0	2018-12-13 12:14:03	2018-12-13 12:14:03
1734	VO0126W5L4HMR1J5	0	0	2018-12-13 12:14:03	2018-12-13 12:14:03
1735	VO01U3I82U71Q11Z	0	0	2018-12-13 12:14:03	2018-12-13 12:14:03
1736	VO016634299232W7	0	0	2018-12-13 12:14:03	2018-12-13 12:14:03
1737	VO0105L7BF957JX8	0	0	2018-12-13 12:14:03	2018-12-13 12:14:03
1738	VO01JVKNT2Z83H7T	0	0	2018-12-13 12:14:03	2018-12-13 12:14:03
1739	VO010359EU61QNW2	0	0	2018-12-13 12:14:03	2018-12-13 12:14:03
1740	VO012BQ7B554E985	0	0	2018-12-13 12:14:03	2018-12-13 12:14:03
1741	VO0103JH7XYL1I27	0	0	2018-12-13 12:14:03	2018-12-13 12:14:03
1742	VO0169X98Y1Z9AKY	0	0	2018-12-13 12:14:03	2018-12-13 12:14:03
1743	VO01S960P33113AE	0	0	2018-12-13 12:14:03	2018-12-13 12:14:03
1744	VO01QQUO01Q75E1U	0	0	2018-12-13 12:14:03	2018-12-13 12:14:03
1745	VO01L472M6D3QZVG	0	0	2018-12-13 12:14:03	2018-12-13 12:14:03
1746	VO01E6659682E898	0	0	2018-12-13 12:14:03	2018-12-13 12:14:03
1747	VO01A8I99Q9O0HRA	0	0	2018-12-13 12:14:03	2018-12-13 12:14:03
1748	VO010DO126C50429	0	0	2018-12-13 12:14:03	2018-12-13 12:14:03
1749	VO01S6U3D08S029A	0	0	2018-12-13 12:14:03	2018-12-13 12:14:03
1750	VO01J8R1PK3SM8Y1	0	0	2018-12-13 12:14:03	2018-12-13 12:14:03
1751	VO01U45LUS5M8860	0	0	2018-12-13 12:14:03	2018-12-13 12:14:03
1752	VO01IPFBE4C677X4	0	0	2018-12-13 12:14:03	2018-12-13 12:14:03
1753	VO01342967114W04	0	0	2018-12-13 12:14:03	2018-12-13 12:14:03
1754	VO01W17WHTZBQW79	0	0	2018-12-13 12:14:03	2018-12-13 12:14:03
1755	VO01L48XJ42TK0L3	0	0	2018-12-13 12:14:03	2018-12-13 12:14:03
1756	VO01271MEM0I1034	0	0	2018-12-13 12:14:03	2018-12-13 12:14:03
1757	VO0100O7I728PB5L	0	0	2018-12-13 12:14:03	2018-12-13 12:14:03
1758	VO01A4D7C97XX3CU	0	0	2018-12-13 12:14:03	2018-12-13 12:14:03
1759	VO01715T4C15I8GW	0	0	2018-12-13 12:14:03	2018-12-13 12:14:03
1760	VO01LPC3MF1E4974	0	0	2018-12-13 12:14:03	2018-12-13 12:14:03
1761	VO01O3N9272532DX	0	0	2018-12-13 12:14:03	2018-12-13 12:14:03
1762	VO01301G72OYOT31	0	0	2018-12-13 12:14:03	2018-12-13 12:14:03
1763	VO01TS6W1X91S712	0	0	2018-12-13 12:14:03	2018-12-13 12:14:03
1764	VO01TJ737ERL6MVN	0	0	2018-12-13 12:14:03	2018-12-13 12:14:03
1765	VO01156169D086CH	0	0	2018-12-13 12:14:03	2018-12-13 12:14:03
1766	VO01J1RTUIX4DUGN	0	0	2018-12-13 12:14:03	2018-12-13 12:14:03
1767	VO017JA700432R0G	0	0	2018-12-13 12:14:03	2018-12-13 12:14:03
1768	VO014YE8P7G2QJLY	0	0	2018-12-13 12:14:03	2018-12-13 12:14:03
1769	VO019W1H9Q68K04V	0	0	2018-12-13 12:14:03	2018-12-13 12:14:03
1770	VO014BQITE3XP9HY	0	0	2018-12-13 12:14:03	2018-12-13 12:14:03
1771	VO019YN271S4OM2Z	0	0	2018-12-13 12:14:03	2018-12-13 12:14:03
1772	VO01O5282J80EVY8	0	0	2018-12-13 12:14:03	2018-12-13 12:14:03
1773	VO01SOQG90M50Y21	0	0	2018-12-13 12:14:03	2018-12-13 12:14:03
1774	VO0102IAEGXAC7WZ	0	0	2018-12-13 12:14:03	2018-12-13 12:14:03
1775	VO01RF960E1VR669	0	0	2018-12-13 12:14:03	2018-12-13 12:14:03
1776	VO01JEAC4892L47P	0	0	2018-12-13 12:14:03	2018-12-13 12:14:03
1777	VO01UU4R0878P036	0	0	2018-12-13 12:14:03	2018-12-13 12:14:03
1778	VO0186C7COIPIZ49	0	0	2018-12-13 12:14:03	2018-12-13 12:14:03
1779	VO01JBT35PQ2QG4T	0	0	2018-12-13 12:14:03	2018-12-13 12:14:03
1780	VO0108GCSS5I280V	0	0	2018-12-13 12:14:03	2018-12-13 12:14:03
1781	VO01U9HP195360L2	0	0	2018-12-13 12:14:03	2018-12-13 12:14:03
1782	VO018M25SW411Q9T	0	0	2018-12-13 12:14:03	2018-12-13 12:14:03
1783	VO01536ANWHC13KI	0	0	2018-12-13 12:14:03	2018-12-13 12:14:03
1784	VO017JAVC5162NQ1	0	0	2018-12-13 12:14:03	2018-12-13 12:14:03
1785	VO0123H1RFL0E7QZ	0	0	2018-12-13 12:14:03	2018-12-13 12:14:03
1786	VO010QKO3H327809	0	0	2018-12-13 12:14:03	2018-12-13 12:14:03
1787	VO018U86A33A3496	0	0	2018-12-13 12:14:03	2018-12-13 12:14:03
1788	VO01N7O257P67TMU	0	0	2018-12-13 12:14:03	2018-12-13 12:14:03
1789	VO01BKL69HN283GK	0	0	2018-12-13 12:14:03	2018-12-13 12:14:03
1790	VO014YP69D1ZB9TC	0	0	2018-12-13 12:14:03	2018-12-13 12:14:03
1791	VO01S60QY00WGQCU	0	0	2018-12-13 12:14:03	2018-12-13 12:14:03
1792	VO0174HPZSK89D1Q	0	0	2018-12-13 12:14:03	2018-12-13 12:14:03
1793	VO0196ZO22RD26FS	0	0	2018-12-13 12:14:03	2018-12-13 12:14:03
1794	VO013114B039731W	0	0	2018-12-13 12:14:03	2018-12-13 12:14:03
1795	VO0155E5A1R942O9	0	0	2018-12-13 12:14:03	2018-12-13 12:14:03
1796	VO01ACK2DGJ6M60U	0	0	2018-12-13 12:14:03	2018-12-13 12:14:03
1797	VO01IV6E6EFLC340	0	0	2018-12-13 12:14:03	2018-12-13 12:14:03
1798	VO01V35K6O3YIC17	0	0	2018-12-13 12:14:03	2018-12-13 12:14:03
1799	VO01UU7P4GQNLAY0	0	0	2018-12-13 12:14:03	2018-12-13 12:14:03
1800	VO013688FK9O4U2X	0	0	2018-12-13 12:14:03	2018-12-13 12:14:03
1801	VO01CIL6C3194E67	0	0	2018-12-13 12:14:03	2018-12-13 12:14:03
1802	VO012109MA1UC224	0	0	2018-12-13 12:14:03	2018-12-13 12:14:03
1803	VO0110I98MJ40QTV	0	0	2018-12-13 12:14:03	2018-12-13 12:14:03
1804	VO01F2351BOB582T	0	0	2018-12-13 12:14:03	2018-12-13 12:14:03
1805	VO01ZUA7N8053N2S	0	0	2018-12-13 12:14:03	2018-12-13 12:14:03
1806	VO01VR49L6K6O6OY	0	0	2018-12-13 12:14:03	2018-12-13 12:14:03
1807	VO0174U8141J6P1X	0	0	2018-12-13 12:14:03	2018-12-13 12:14:03
1808	VO01ILRP6Y5C36MJ	0	0	2018-12-13 12:14:03	2018-12-13 12:14:03
1809	VO019WX0N4Q9D8XL	0	0	2018-12-13 12:14:03	2018-12-13 12:14:03
1810	VO011OI4V484928S	0	0	2018-12-13 12:14:03	2018-12-13 12:14:03
1811	VO01ARX878HZL743	0	0	2018-12-13 12:14:03	2018-12-13 12:14:03
1812	VO01PM75M024V6CP	0	0	2018-12-13 12:14:03	2018-12-13 12:14:03
1813	VO016J57K9479L8C	0	0	2018-12-13 12:14:03	2018-12-13 12:14:03
1814	VO01R27XKVQ2O08L	0	0	2018-12-13 12:14:03	2018-12-13 12:14:03
1815	VO0178C89N53D4J7	0	0	2018-12-13 12:14:03	2018-12-13 12:14:03
1816	VO01EB89TL55061I	0	0	2018-12-13 12:14:03	2018-12-13 12:14:03
1817	VO0129W00X200I79	0	0	2018-12-13 12:14:03	2018-12-13 12:14:03
1818	VO013ZB2E4W464OY	0	0	2018-12-13 12:14:03	2018-12-13 12:14:03
1819	VO010F8L77VPSBP8	0	0	2018-12-13 12:14:03	2018-12-13 12:14:03
1820	VO017F5G191OCLVB	0	0	2018-12-13 12:14:03	2018-12-13 12:14:03
1821	VO0129Q79026LWUP	0	0	2018-12-13 12:14:03	2018-12-13 12:14:03
1822	VO01I8T7IB5MH2D7	0	0	2018-12-13 12:14:03	2018-12-13 12:14:03
1823	VO01BEO699SP6EXP	0	0	2018-12-13 12:14:03	2018-12-13 12:14:03
1824	VO01VBW5203M3KG0	0	0	2018-12-13 12:14:03	2018-12-13 12:14:03
1825	VO01X28ML20XT8H1	0	0	2018-12-13 12:14:03	2018-12-13 12:14:03
1826	VO011LC598BBH42P	0	0	2018-12-13 12:14:03	2018-12-13 12:14:03
1827	VO01DPGQ2D79AZJ4	0	0	2018-12-13 12:14:03	2018-12-13 12:14:03
1828	VO01KKSQ4O2KGR72	0	0	2018-12-13 12:14:03	2018-12-13 12:14:03
1829	VO015IF002Z767JO	0	0	2018-12-13 12:14:03	2018-12-13 12:14:03
1830	VO01IFS25J239058	0	0	2018-12-13 12:14:03	2018-12-13 12:14:03
1831	VO01JY05826UMG26	0	0	2018-12-13 12:14:03	2018-12-13 12:14:03
1832	VO0136BBHL94U2LL	0	0	2018-12-13 12:14:03	2018-12-13 12:14:03
1833	VO010U01LJ97N588	0	0	2018-12-13 12:14:03	2018-12-13 12:14:03
1834	VO0170S14P0040VP	0	0	2018-12-13 12:14:03	2018-12-13 12:14:03
1835	VO015047U671M1ME	0	0	2018-12-13 12:14:03	2018-12-13 12:14:03
1836	VO01092U3AFT9J6E	0	0	2018-12-13 12:14:03	2018-12-13 12:14:03
1837	VO01V5D4HAS9FG1M	0	0	2018-12-13 12:14:03	2018-12-13 12:14:03
1838	VO015V1X5N8W8B33	0	0	2018-12-13 12:14:03	2018-12-13 12:14:03
1839	VO01KW4BW0L02455	0	0	2018-12-13 12:14:03	2018-12-13 12:14:03
1840	VO01C43YZ896AD8D	0	0	2018-12-13 12:14:03	2018-12-13 12:14:03
1841	VO01ZBBR0SI16S1Y	0	0	2018-12-13 12:14:03	2018-12-13 12:14:03
1842	VO01H6DVLJLB22R3	0	0	2018-12-13 12:14:03	2018-12-13 12:14:03
1843	VO01G2Q8V4314E48	0	0	2018-12-13 12:14:03	2018-12-13 12:14:03
1844	VO0151SV6NW5C703	0	0	2018-12-13 12:14:03	2018-12-13 12:14:03
1845	VO0123ZVJR68WTP1	0	0	2018-12-13 12:14:03	2018-12-13 12:14:03
1846	VO01ZOAR11Z5D4Z6	0	0	2018-12-13 12:14:03	2018-12-13 12:14:03
1847	VO01TA3RO0Y93616	0	0	2018-12-13 12:14:03	2018-12-13 12:14:03
1848	VO01O9567D4JDHD1	0	0	2018-12-13 12:14:03	2018-12-13 12:14:03
1849	VO01504FEQOQCM9I	0	0	2018-12-13 12:14:03	2018-12-13 12:14:03
1850	VO0198W07D9I2ECZ	0	0	2018-12-13 12:14:03	2018-12-13 12:14:03
1851	VO010F6300T067FS	0	0	2018-12-13 12:14:03	2018-12-13 12:14:03
1852	VO01T74649GZZ041	0	0	2018-12-13 12:14:03	2018-12-13 12:14:03
1853	VO0189472G22I62B	0	0	2018-12-13 12:14:03	2018-12-13 12:14:03
1854	VO01TK3ME00EJ4MI	0	0	2018-12-13 12:14:03	2018-12-13 12:14:03
1855	VO014BODRD1HN71B	0	0	2018-12-13 12:14:03	2018-12-13 12:14:03
1856	VO01ZPN054WYX20T	0	0	2018-12-13 12:14:03	2018-12-13 12:14:03
1857	VO01KB1S0GN0FQ71	0	0	2018-12-13 12:14:03	2018-12-13 12:14:03
1858	VO01U4F9JW633N50	0	0	2018-12-13 12:14:03	2018-12-13 12:14:03
1859	VO01PY2MF0V06QLD	0	0	2018-12-13 12:14:03	2018-12-13 12:14:03
1860	VO016KJKF0NDQ36F	0	0	2018-12-13 12:14:03	2018-12-13 12:14:03
1861	VO01961MABXU052C	0	0	2018-12-13 12:14:03	2018-12-13 12:14:03
1862	VO01DW50P9A8HWHA	0	0	2018-12-13 12:14:03	2018-12-13 12:14:03
1863	VO01J37PF8NTG30S	0	0	2018-12-13 12:14:03	2018-12-13 12:14:03
1864	VO01TC5D25A80VY5	0	0	2018-12-13 12:14:03	2018-12-13 12:14:03
1865	VO01X9CO7FBR7SA6	0	0	2018-12-13 12:14:03	2018-12-13 12:14:03
1866	VO01R518Z42OH2YV	0	0	2018-12-13 12:14:03	2018-12-13 12:14:03
1867	VO01UX26U5O57267	0	0	2018-12-13 12:14:03	2018-12-13 12:14:03
1868	VO01901320166S6R	0	0	2018-12-13 12:14:03	2018-12-13 12:14:03
1869	VO01Q6UKSD54G03R	0	0	2018-12-13 12:14:03	2018-12-13 12:14:03
1870	VO01JYYIA7F87RG6	0	0	2018-12-13 12:14:03	2018-12-13 12:14:03
1871	VO01LI2PC60EPK30	0	0	2018-12-13 12:14:03	2018-12-13 12:14:03
1872	VO0150Q62A1G9BC9	0	0	2018-12-13 12:14:03	2018-12-13 12:14:03
1873	VO01289561S8A2GE	0	0	2018-12-13 12:14:03	2018-12-13 12:14:03
1874	VO016M2RW39QB6GV	0	0	2018-12-13 12:14:03	2018-12-13 12:14:03
1875	VO01RIY0H1388I89	0	0	2018-12-13 12:14:03	2018-12-13 12:14:03
1876	VO01ILDXC3IMC801	0	0	2018-12-13 12:14:03	2018-12-13 12:14:03
1877	VO01NA4B4TA5LZL7	0	0	2018-12-13 12:14:03	2018-12-13 12:14:03
1878	VO01Z1195OM24LSO	0	0	2018-12-13 12:14:03	2018-12-13 12:14:03
1879	VO01O5Z93JLW29F0	0	0	2018-12-13 12:14:03	2018-12-13 12:14:03
1880	VO01QSB5MHTN2TNB	0	0	2018-12-13 12:14:03	2018-12-13 12:14:03
1881	VO01S9GE049Z339L	0	0	2018-12-13 12:14:03	2018-12-13 12:14:03
1882	VO0119T9Z5YM3881	0	0	2018-12-13 12:14:03	2018-12-13 12:14:03
1883	VO012P8UR955L99J	0	0	2018-12-13 12:14:03	2018-12-13 12:14:03
1884	VO015FRMBH810L03	0	0	2018-12-13 12:14:03	2018-12-13 12:14:03
1885	VO01F0ZS4LAJ69GO	0	0	2018-12-13 12:14:03	2018-12-13 12:14:03
1886	VO011W61RD62YZ5U	0	0	2018-12-13 12:14:03	2018-12-13 12:14:03
1887	VO01CI0A9O9XY8HW	0	0	2018-12-13 12:14:03	2018-12-13 12:14:03
1888	VO01E2YVZ7AO9C22	0	0	2018-12-13 12:14:03	2018-12-13 12:14:03
1889	VO01R1XT9QFRC3SZ	0	0	2018-12-13 12:14:03	2018-12-13 12:14:03
1890	VO012Z8LLBRA54X9	0	0	2018-12-13 12:14:03	2018-12-13 12:14:03
1891	VO010W0UR1IW6R32	0	0	2018-12-13 12:14:03	2018-12-13 12:14:03
1892	VO01AO6S8JTF047S	0	0	2018-12-13 12:14:03	2018-12-13 12:14:03
1893	VO01N9713QJT65JX	0	0	2018-12-13 12:14:03	2018-12-13 12:14:03
1894	VO01MZE6584WWJ5V	0	0	2018-12-13 12:14:03	2018-12-13 12:14:03
1895	VO01LMKQJ9IES8N0	0	0	2018-12-13 12:14:03	2018-12-13 12:14:03
1896	VO016VYF0SNDXB4T	0	0	2018-12-13 12:14:03	2018-12-13 12:14:03
1897	VO0168GNB917J9I5	0	0	2018-12-13 12:14:03	2018-12-13 12:14:03
1898	VO013H86FR825QIS	0	0	2018-12-13 12:14:03	2018-12-13 12:14:03
1899	VO010G61RDV1GJEH	0	0	2018-12-13 12:14:03	2018-12-13 12:14:03
1900	VO01ZTHOI60S00KO	0	0	2018-12-13 12:14:03	2018-12-13 12:14:03
1901	VO01FL3NA6F543E9	0	0	2018-12-13 12:14:03	2018-12-13 12:14:03
1902	VO011863W65O7P40	0	0	2018-12-13 12:14:03	2018-12-13 12:14:03
1903	VO01Y423G2N31WU6	0	0	2018-12-13 12:14:03	2018-12-13 12:14:03
1904	VO01PG39R839BNZF	0	0	2018-12-13 12:14:03	2018-12-13 12:14:03
1905	VO01Z538S1QVSQ6C	0	0	2018-12-13 12:14:03	2018-12-13 12:14:03
1906	VO011M8HV064JP6Z	0	0	2018-12-13 12:14:03	2018-12-13 12:14:03
1907	VO0150DWUYRJ7476	0	0	2018-12-13 12:14:03	2018-12-13 12:14:03
1908	VO0189WJY7BC2121	0	0	2018-12-13 12:14:03	2018-12-13 12:14:03
1909	VO01RP88SP4YM34U	0	0	2018-12-13 12:14:03	2018-12-13 12:14:03
1910	VO01RKI3BCIF2RJ2	0	0	2018-12-13 12:14:03	2018-12-13 12:14:03
1911	VO0147B601U38UM1	0	0	2018-12-13 12:14:03	2018-12-13 12:14:03
1912	VO01N5C0TO68315L	0	0	2018-12-13 12:14:03	2018-12-13 12:14:03
1913	VO01M7K6ANOV2L9O	0	0	2018-12-13 12:14:03	2018-12-13 12:14:03
1914	VO01H0R9V1DT7Z08	0	0	2018-12-13 12:14:03	2018-12-13 12:14:03
1915	VO01091E7H31V4C7	0	0	2018-12-13 12:14:03	2018-12-13 12:14:03
1916	VO014LG7G977AY01	0	0	2018-12-13 12:14:03	2018-12-13 12:14:03
1917	VO01X43MIAG5TG3K	0	0	2018-12-13 12:14:03	2018-12-13 12:14:03
1918	VO01JEG8W94FI74K	0	0	2018-12-13 12:14:03	2018-12-13 12:14:03
1919	VO018AUK1VW2779T	0	0	2018-12-13 12:14:03	2018-12-13 12:14:03
1920	VO01ILDX29Y9LO9D	0	0	2018-12-13 12:14:03	2018-12-13 12:14:03
1921	VO01H7LPGR7ZX3D8	0	0	2018-12-13 12:14:03	2018-12-13 12:14:03
1922	VO017Z95RN9DQT6I	0	0	2018-12-13 12:14:03	2018-12-13 12:14:03
1923	VO01V6ZF0H51MKOI	0	0	2018-12-13 12:14:03	2018-12-13 12:14:03
1924	VO013WUV970I1TMB	0	0	2018-12-13 12:14:03	2018-12-13 12:14:03
1925	VO012U98Z3651474	0	0	2018-12-13 12:14:03	2018-12-13 12:14:03
1926	VO0150IT6YRCW19Z	0	0	2018-12-13 12:14:03	2018-12-13 12:14:03
1927	VO01II0382V91188	0	0	2018-12-13 12:14:03	2018-12-13 12:14:03
1928	VO01T27HX65DSBH0	0	0	2018-12-13 12:14:03	2018-12-13 12:14:03
1929	VO01YY6R79C0514S	0	0	2018-12-13 12:14:03	2018-12-13 12:14:03
1930	VO017JZY7RFEZ6IC	0	0	2018-12-13 12:14:03	2018-12-13 12:14:03
1931	VO01J2LR99C386W5	0	0	2018-12-13 12:14:03	2018-12-13 12:14:03
1932	VO015BG6D2C4BR1P	0	0	2018-12-13 12:14:03	2018-12-13 12:14:03
1933	VO012036V6K13Y4F	0	0	2018-12-13 12:14:03	2018-12-13 12:14:03
1934	VO01532067051098	0	0	2018-12-13 12:14:03	2018-12-13 12:14:03
1935	VO015XPCVD3T424F	0	0	2018-12-13 12:14:03	2018-12-13 12:14:03
1936	VO0136HCEX6XP4JL	0	0	2018-12-13 12:14:03	2018-12-13 12:14:03
1937	VO01HJKP5C2088H8	0	0	2018-12-13 12:14:03	2018-12-13 12:14:03
1938	VO017W2B6S2JT6I9	0	0	2018-12-13 12:14:03	2018-12-13 12:14:03
1939	VO010BKVMG6575SO	0	0	2018-12-13 12:14:03	2018-12-13 12:14:03
1940	VO013EMZ01B92Y4G	0	0	2018-12-13 12:14:03	2018-12-13 12:14:03
1941	VO01PF7E8H1DUH4G	0	0	2018-12-13 12:14:03	2018-12-13 12:14:03
1942	VO012XA418UX7MMM	0	0	2018-12-13 12:14:03	2018-12-13 12:14:03
1943	VO01V1R7KXFK2WOV	0	0	2018-12-13 12:14:03	2018-12-13 12:14:03
1944	VO016J6Z4CVXG0P8	0	0	2018-12-13 12:14:03	2018-12-13 12:14:03
1945	VO01JJ28XI8248TA	0	0	2018-12-13 12:14:03	2018-12-13 12:14:03
1946	VO015PJ2OS73NS5B	0	0	2018-12-13 12:14:03	2018-12-13 12:14:03
1947	VO01465BZD719M6D	0	0	2018-12-13 12:14:03	2018-12-13 12:14:03
1948	VO016B2874G22S36	0	0	2018-12-13 12:14:03	2018-12-13 12:14:03
1949	VO0180X4G23VQJZP	0	0	2018-12-13 12:14:03	2018-12-13 12:14:03
1950	VO0146KB78O1Q1LX	0	0	2018-12-13 12:14:03	2018-12-13 12:14:03
1951	VO0159Q90123YV16	0	0	2018-12-13 12:14:03	2018-12-13 12:14:03
1952	VO01H30LA4YED51O	0	0	2018-12-13 12:14:03	2018-12-13 12:14:03
1953	VO0107YST0Q5JCU7	0	0	2018-12-13 12:14:03	2018-12-13 12:14:03
1954	VO013NG03GA1GKKA	0	0	2018-12-13 12:14:03	2018-12-13 12:14:03
1955	VO01I95JO22M3V0M	0	0	2018-12-13 12:14:03	2018-12-13 12:14:03
1956	VO01B0T3DBF8X8W2	0	0	2018-12-13 12:14:03	2018-12-13 12:14:03
1957	VO01NF9D22DRB0PY	0	0	2018-12-13 12:14:03	2018-12-13 12:14:03
1958	VO01580I4CE0UM92	0	0	2018-12-13 12:14:03	2018-12-13 12:14:03
1959	VO0139003J41M1LO	0	0	2018-12-13 12:14:03	2018-12-13 12:14:03
1960	VO01G5GK1LU9G82P	0	0	2018-12-13 12:14:03	2018-12-13 12:14:03
1961	VO01281UM2ABA0UA	0	0	2018-12-13 12:14:03	2018-12-13 12:14:03
1962	VO01P0171Y087VT9	0	0	2018-12-13 12:14:03	2018-12-13 12:14:03
1963	VO01F7W90Y2LE3DF	0	0	2018-12-13 12:14:03	2018-12-13 12:14:03
1964	VO011E1N8L4MA8BQ	0	0	2018-12-13 12:14:03	2018-12-13 12:14:03
1965	VO0134JGDYO9G16W	0	0	2018-12-13 12:14:03	2018-12-13 12:14:03
1966	VO0135F959FKT6C0	0	0	2018-12-13 12:14:03	2018-12-13 12:14:03
1967	VO01FRAHZWD4Z9WY	0	0	2018-12-13 12:14:03	2018-12-13 12:14:03
1968	VO01672X387D0JOH	0	0	2018-12-13 12:14:03	2018-12-13 12:14:03
1969	VO01F5L45G1I399D	0	0	2018-12-13 12:14:03	2018-12-13 12:14:03
1970	VO01LE30IFDK74P0	0	0	2018-12-13 12:14:03	2018-12-13 12:14:03
1971	VO019S7CKA76OIKS	0	0	2018-12-13 12:14:03	2018-12-13 12:14:03
1972	VO01YNBTG10HBJ8E	0	0	2018-12-13 12:14:03	2018-12-13 12:14:03
1973	VO01HN7Q5DIPY2VG	0	0	2018-12-13 12:14:03	2018-12-13 12:14:03
1974	VO01VMG6YY490I3S	0	0	2018-12-13 12:14:03	2018-12-13 12:14:03
1975	VO0197N8HBX18Q1H	0	0	2018-12-13 12:14:03	2018-12-13 12:14:03
1976	VO01CIXIW161K35Q	0	0	2018-12-13 12:14:03	2018-12-13 12:14:03
1977	VO01179755G5Z7LS	0	0	2018-12-13 12:14:03	2018-12-13 12:14:03
1978	VO01Q832249O413P	0	0	2018-12-13 12:14:03	2018-12-13 12:14:03
1979	VO01T2DI4F9648BP	0	0	2018-12-13 12:14:03	2018-12-13 12:14:03
1980	VO01R9G5RR68LKHE	0	0	2018-12-13 12:14:03	2018-12-13 12:14:03
1981	VO01BC8P762NB37I	0	0	2018-12-13 12:14:03	2018-12-13 12:14:03
1982	VO013CP9N9OP3DQ7	0	0	2018-12-13 12:14:03	2018-12-13 12:14:03
1983	VO014I3T9R9021T5	0	0	2018-12-13 12:14:03	2018-12-13 12:14:03
1984	VO0134CA506Q30KO	0	0	2018-12-13 12:14:03	2018-12-13 12:14:03
1985	VO014TDQZKJ0YV06	0	0	2018-12-13 12:14:03	2018-12-13 12:14:03
1986	VO01Y1HSOVRSCY76	0	0	2018-12-13 12:14:03	2018-12-13 12:14:03
1987	VO01290WU722A0BY	0	0	2018-12-13 12:14:03	2018-12-13 12:14:03
1988	VO012GW7EUN71S1F	0	0	2018-12-13 12:14:03	2018-12-13 12:14:03
1989	VO01H1X11940IO80	0	0	2018-12-13 12:14:03	2018-12-13 12:14:03
1990	VO0108XUCL9GMAEX	0	0	2018-12-13 12:14:03	2018-12-13 12:14:03
1991	VO016P942IA1D3Z6	0	0	2018-12-13 12:14:03	2018-12-13 12:14:03
1992	VO012537R297L3EM	0	0	2018-12-13 12:14:03	2018-12-13 12:14:03
1993	VO01L35Z79T4892H	0	0	2018-12-13 12:14:03	2018-12-13 12:14:03
1994	VO015IWI676CW851	0	0	2018-12-13 12:14:03	2018-12-13 12:14:03
1995	VO019RZ98Y85H2I7	0	0	2018-12-13 12:14:03	2018-12-13 12:14:03
1996	VO01L0W46A45K174	0	0	2018-12-13 12:14:03	2018-12-13 12:14:03
1997	VO01P6ZKT41Q9MU2	0	0	2018-12-13 12:14:03	2018-12-13 12:14:03
1998	VO017CETUE4F4V55	0	0	2018-12-13 12:14:03	2018-12-13 12:14:03
1999	VO01OS7MNQ5N2401	0	0	2018-12-13 12:14:03	2018-12-13 12:14:03
2000	VO016PI6B6KI3LO6	0	0	2018-12-13 12:14:03	2018-12-13 12:14:03
2001	VO0118PLAVIT83NM	0	0	2018-12-13 12:14:03	2018-12-13 12:14:03
2002	VO014799A8BH1O93	0	0	2018-12-13 12:14:03	2018-12-13 12:14:03
2003	VO01XD41Y7HOXE8J	0	0	2018-12-13 12:14:03	2018-12-13 12:14:03
2004	VO01KM12TZ72M92X	0	0	2018-12-13 12:14:03	2018-12-13 12:14:03
2005	VO01219I09NMO7PH	0	0	2018-12-13 12:14:03	2018-12-13 12:14:03
2006	VO012Y1SB16PK633	0	0	2018-12-13 12:14:03	2018-12-13 12:14:03
2007	VO017E99U5XBP54Z	0	0	2018-12-13 12:14:03	2018-12-13 12:14:03
2008	VO018NN8J50P1GPZ	0	0	2018-12-13 12:14:03	2018-12-13 12:14:03
2009	VO01299J8OI6K7U0	0	0	2018-12-13 12:14:03	2018-12-13 12:14:03
2010	VO012A34MZ8U4615	0	0	2018-12-13 12:14:03	2018-12-13 12:14:03
2011	VO01FBOYD6X232C5	0	0	2018-12-13 12:14:03	2018-12-13 12:14:03
2012	VO014PI3Q17OXJOK	0	0	2018-12-13 12:14:03	2018-12-13 12:14:03
2013	VO01681K5H5301A5	0	0	2018-12-13 12:14:03	2018-12-13 12:14:03
2014	VO016H081H6J422G	0	0	2018-12-13 12:14:03	2018-12-13 12:14:03
2015	VO01UU84SV1EQ1LT	0	0	2018-12-13 12:14:03	2018-12-13 12:14:03
2016	VO01539XCTJO8HC4	0	0	2018-12-13 12:14:03	2018-12-13 12:14:03
2017	VO01J6RK17A85ZK6	0	0	2018-12-13 12:14:03	2018-12-13 12:14:03
2018	VO01V27253W403ZZ	0	0	2018-12-13 12:14:03	2018-12-13 12:14:03
2019	VO01ULK04PHO68IJ	0	0	2018-12-13 12:14:03	2018-12-13 12:14:03
2020	VO01T0F362MF3UI4	0	0	2018-12-13 12:14:03	2018-12-13 12:14:03
2021	VO01ON2MPD5G34O7	0	0	2018-12-13 12:14:03	2018-12-13 12:14:03
2022	VO01XOPXSBZ650V2	0	0	2018-12-13 12:14:03	2018-12-13 12:14:03
2023	VO01PTCF8SO25A55	0	0	2018-12-13 12:14:03	2018-12-13 12:14:03
2024	VO01Q8Q322H9YLE5	0	0	2018-12-13 12:14:03	2018-12-13 12:14:03
2025	VO0111IX41YF783C	0	0	2018-12-13 12:14:03	2018-12-13 12:14:03
2026	VO010EMVQJIN5PUD	0	0	2018-12-13 12:14:03	2018-12-13 12:14:03
2027	VO0157R6CLIUE6BP	0	0	2018-12-13 12:14:03	2018-12-13 12:14:03
2028	VO01G83KX2SGPB46	0	0	2018-12-13 12:14:03	2018-12-13 12:14:03
2029	VO010R3W1II4YH42	0	0	2018-12-13 12:14:03	2018-12-13 12:14:03
2030	VO0183SNL1630F5S	0	0	2018-12-13 12:14:03	2018-12-13 12:14:03
2031	VO01BGF69CUH7J57	0	0	2018-12-13 12:14:03	2018-12-13 12:14:03
2032	VO019LA0M350UQ4Y	0	0	2018-12-13 12:14:03	2018-12-13 12:14:03
2033	VO01MQ65183P107M	0	0	2018-12-13 12:14:03	2018-12-13 12:14:03
2034	VO015141C1C0O909	0	0	2018-12-13 12:14:03	2018-12-13 12:14:03
2035	VO016I0C3171O6VA	0	0	2018-12-13 12:14:03	2018-12-13 12:14:03
2036	VO01C1GBB0014UJ9	0	0	2018-12-13 12:14:03	2018-12-13 12:14:03
2037	VO010LT7VQ60F9E4	0	0	2018-12-13 12:14:03	2018-12-13 12:14:03
2038	VO01XQ963AER1P55	0	0	2018-12-13 12:14:03	2018-12-13 12:14:03
2039	VO0143P9Z6JNBLLK	0	0	2018-12-13 12:14:03	2018-12-13 12:14:03
2040	VO01LT108Q1R3L19	0	0	2018-12-13 12:14:03	2018-12-13 12:14:03
2041	VO01U4296DLC36U8	0	0	2018-12-13 12:14:03	2018-12-13 12:14:03
2042	VO01Y02VQCYABUH2	0	0	2018-12-13 12:14:03	2018-12-13 12:14:03
2043	VO01T338C04H4451	0	0	2018-12-13 12:14:03	2018-12-13 12:14:03
2044	VO01VH58KMW5N4T4	0	0	2018-12-13 12:14:03	2018-12-13 12:14:03
2045	VO011HZE84112AT6	0	0	2018-12-13 12:14:03	2018-12-13 12:14:03
2046	VO01ML422XPMZ68A	0	0	2018-12-13 12:14:03	2018-12-13 12:14:03
2047	VO01SQ183SHJD7JZ	0	0	2018-12-13 12:14:03	2018-12-13 12:14:03
2048	VO018N64OF71Y2B7	0	0	2018-12-13 12:14:03	2018-12-13 12:14:03
2049	VO01Z52VFFNYNN98	0	0	2018-12-13 12:14:03	2018-12-13 12:14:03
2050	VO016PQK8K2461E1	0	0	2018-12-13 12:14:03	2018-12-13 12:14:03
2051	VO01I61JU3GV13SD	0	0	2018-12-13 12:14:03	2018-12-13 12:14:03
2052	VO0161R0Z5Z0F840	0	0	2018-12-13 12:14:03	2018-12-13 12:14:03
2053	VO01B917XG8049QK	0	0	2018-12-13 12:14:03	2018-12-13 12:14:03
2054	VO0139H99K409T40	0	0	2018-12-13 12:14:03	2018-12-13 12:14:03
2055	VO01PR3D5TU6015J	0	0	2018-12-13 12:14:03	2018-12-13 12:14:03
2056	VO01P3LANKR29Z8K	0	0	2018-12-13 12:14:03	2018-12-13 12:14:03
2057	VO01RTI3GZYB5GFM	0	0	2018-12-13 12:14:03	2018-12-13 12:14:03
2058	VO01U9BLXZ0269XX	0	0	2018-12-13 12:14:03	2018-12-13 12:14:03
2059	VO01M2DL6TC33QB0	0	0	2018-12-13 12:14:03	2018-12-13 12:14:03
2060	VO016T8G515L19AF	0	0	2018-12-13 12:14:03	2018-12-13 12:14:03
2061	VO01ZIOF5AF4LJ0I	0	0	2018-12-13 12:14:03	2018-12-13 12:14:03
2062	VO01O4695C2Q2OSE	0	0	2018-12-13 12:14:03	2018-12-13 12:14:03
2063	VO014H13Q90XSZ8F	0	0	2018-12-13 12:14:03	2018-12-13 12:14:03
2064	VO0125DYP3P91LV0	0	0	2018-12-13 12:14:03	2018-12-13 12:14:03
2065	VO017X5QLB51Z5HL	0	0	2018-12-13 12:14:03	2018-12-13 12:14:03
2066	VO012RAO05B1W4B0	0	0	2018-12-13 12:14:03	2018-12-13 12:14:03
2067	VO01MOVJVE4ZL2FR	0	0	2018-12-13 12:14:03	2018-12-13 12:14:03
2068	VO01909MZ5Q4E322	0	0	2018-12-13 12:14:03	2018-12-13 12:14:03
2069	VO01OBTXQD9F8868	0	0	2018-12-13 12:14:03	2018-12-13 12:14:03
2070	VO012FX069RFW31D	0	0	2018-12-13 12:14:03	2018-12-13 12:14:03
2071	VO01O2X7UY6K3UGR	0	0	2018-12-13 12:14:03	2018-12-13 12:14:03
2072	VO01U3Y9YYC182B5	0	0	2018-12-13 12:14:03	2018-12-13 12:14:03
2073	VO014O7R8I91X08P	0	0	2018-12-13 12:14:03	2018-12-13 12:14:03
2074	VO019JE1O64YX281	0	0	2018-12-13 12:14:03	2018-12-13 12:14:03
2075	VO014EL165LK462A	0	0	2018-12-13 12:14:03	2018-12-13 12:14:03
2076	VO0137B797Z1YU27	0	0	2018-12-13 12:14:03	2018-12-13 12:14:03
2077	VO01OY5187YW3U06	0	0	2018-12-13 12:14:03	2018-12-13 12:14:03
2078	VO0193PL7N2907KZ	0	0	2018-12-13 12:14:03	2018-12-13 12:14:03
2079	VO01WO87UPW8I9A1	0	0	2018-12-13 12:14:03	2018-12-13 12:14:03
2080	VO0127HAK451ODU9	0	0	2018-12-13 12:14:03	2018-12-13 12:14:03
2081	VO015RQDB3DDR7Z1	0	0	2018-12-13 12:14:03	2018-12-13 12:14:03
2082	VO01S2UY5FCH6H95	0	0	2018-12-13 12:14:03	2018-12-13 12:14:03
2083	VO01OX7WB2J3PED2	0	0	2018-12-13 12:14:03	2018-12-13 12:14:03
2084	VO01W9KCA57X680Y	0	0	2018-12-13 12:14:03	2018-12-13 12:14:03
2085	VO015M1Q94MH9TH3	0	0	2018-12-13 12:14:03	2018-12-13 12:14:03
2086	VO01NXG26U0C3133	0	0	2018-12-13 12:14:03	2018-12-13 12:14:03
2087	VO014A7QBM2NTYIE	0	0	2018-12-13 12:14:03	2018-12-13 12:14:03
2088	VO01NA0Q88OI408Q	0	0	2018-12-13 12:14:03	2018-12-13 12:14:03
2089	VO016E22V7S7717D	0	0	2018-12-13 12:14:03	2018-12-13 12:14:03
2090	VO01F31X21Z3695I	0	0	2018-12-13 12:14:03	2018-12-13 12:14:03
2091	VO01E2354SWDEO29	0	0	2018-12-13 12:14:03	2018-12-13 12:14:03
2092	VO01I88B6U618HGB	0	0	2018-12-13 12:14:03	2018-12-13 12:14:03
2093	VO01I4J44N5V15QH	0	0	2018-12-13 12:14:03	2018-12-13 12:14:03
2094	VO0134I9DQZ7ZGPX	0	0	2018-12-13 12:14:03	2018-12-13 12:14:03
2095	VO01I648I37539ZK	0	0	2018-12-13 12:14:03	2018-12-13 12:14:03
2096	VO01G339L84X687T	0	0	2018-12-13 12:14:03	2018-12-13 12:14:03
2097	VO016RC7VNGJMO88	0	0	2018-12-13 12:14:03	2018-12-13 12:14:03
2098	VO01YX7V3PKCG525	0	0	2018-12-13 12:14:03	2018-12-13 12:14:03
2099	VO018IIXOG9K2Z62	0	0	2018-12-13 12:14:03	2018-12-13 12:14:03
2100	VO01IBIQZ716H1HA	0	0	2018-12-13 12:14:03	2018-12-13 12:14:03
2101	VO01Q0V0WGYTQ83L	0	0	2018-12-13 12:14:03	2018-12-13 12:14:03
2102	VO01FT82HN41EB5D	0	0	2018-12-13 12:14:03	2018-12-13 12:14:03
2103	VO0123H7RQS17A0E	0	0	2018-12-13 12:14:03	2018-12-13 12:14:03
2104	VO018K0W7UZ1LHYF	0	0	2018-12-13 12:14:03	2018-12-13 12:14:03
2105	VO01XJ3B5YG9DC5T	0	0	2018-12-13 12:14:03	2018-12-13 12:14:03
2106	VO0139R5OQDFP136	0	0	2018-12-13 12:14:03	2018-12-13 12:14:03
2107	VO013G1A3S46OSC8	0	0	2018-12-13 12:14:03	2018-12-13 12:14:03
2108	VO0109G2A259LBXW	0	0	2018-12-13 12:14:03	2018-12-13 12:14:03
2109	VO0167YMTBETVAI4	0	0	2018-12-13 12:14:03	2018-12-13 12:14:03
2110	VO015RJ307H87846	0	0	2018-12-13 12:14:03	2018-12-13 12:14:03
2111	VO014613113P7EGT	0	0	2018-12-13 12:14:03	2018-12-13 12:14:03
2112	VO014HVNY850S8DE	0	0	2018-12-13 12:14:03	2018-12-13 12:14:03
2113	VO0124W244LZ4B20	0	0	2018-12-13 12:14:03	2018-12-13 12:14:03
2114	VO017IW20027587U	0	0	2018-12-13 12:14:03	2018-12-13 12:14:03
2115	VO012I98R2QKG898	0	0	2018-12-13 12:14:03	2018-12-13 12:14:03
2116	VO01G53CC114T0YZ	0	0	2018-12-13 12:14:03	2018-12-13 12:14:03
2117	VO01X8UMLPBXTF4Q	0	0	2018-12-13 12:14:03	2018-12-13 12:14:03
2118	VO01V60GC7G26OQ6	0	0	2018-12-13 12:14:03	2018-12-13 12:14:03
2119	VO014K87P35G19S1	0	0	2018-12-13 12:14:03	2018-12-13 12:14:03
2120	VO018M2XR9E9S4F4	0	0	2018-12-13 12:14:03	2018-12-13 12:14:03
2121	VO01U0R649K5R3F6	0	0	2018-12-13 12:14:03	2018-12-13 12:14:03
2122	VO01RKN5AA5643H4	0	0	2018-12-13 12:14:03	2018-12-13 12:14:03
2123	VO01A103EP35A8MS	0	0	2018-12-13 12:14:03	2018-12-13 12:14:03
2124	VO010RI5M6YFM33X	0	0	2018-12-13 12:14:03	2018-12-13 12:14:03
2125	VO01WTD4IE361A7O	0	0	2018-12-13 12:14:03	2018-12-13 12:14:03
2126	VO01R8A3092CI6UN	0	0	2018-12-13 12:14:03	2018-12-13 12:14:03
2127	VO01MR03M8GVQD3N	0	0	2018-12-13 12:14:03	2018-12-13 12:14:03
2128	VO01873478G55H41	0	0	2018-12-13 12:14:03	2018-12-13 12:14:03
2129	VO0146YU00YGGEXD	0	0	2018-12-13 12:14:03	2018-12-13 12:14:03
2130	VO015YR3AO6Y5813	0	0	2018-12-13 12:14:03	2018-12-13 12:14:03
2131	VO019R8MX23TN20F	0	0	2018-12-13 12:14:03	2018-12-13 12:14:03
2132	VO019SMKS37N0X5Y	0	0	2018-12-13 12:14:03	2018-12-13 12:14:03
2133	VO01945PZK149EGK	0	0	2018-12-13 12:14:03	2018-12-13 12:14:03
2134	VO012246C409V707	0	0	2018-12-13 12:14:03	2018-12-13 12:14:03
2135	VO0196X1352859TW	0	0	2018-12-13 12:14:03	2018-12-13 12:14:03
2136	VO01XIF0688BM4EI	0	0	2018-12-13 12:14:03	2018-12-13 12:14:03
2137	VO014R6F2H843G6G	0	0	2018-12-13 12:14:03	2018-12-13 12:14:03
2138	VO01ME9839QKWJQ6	0	0	2018-12-13 12:14:03	2018-12-13 12:14:03
2139	VO01HYZ8Z73EU98F	0	0	2018-12-13 12:14:03	2018-12-13 12:14:03
2140	VO01UL276SPE44V4	0	0	2018-12-13 12:14:03	2018-12-13 12:14:03
2141	VO01YC696JV06STG	0	0	2018-12-13 12:14:03	2018-12-13 12:14:03
2142	VO016OO7AY666BXJ	0	0	2018-12-13 12:14:03	2018-12-13 12:14:03
2143	VO0180YEKS2PF3NL	0	0	2018-12-13 12:14:03	2018-12-13 12:14:03
2144	VO01311Y8TF5962E	0	0	2018-12-13 12:14:03	2018-12-13 12:14:03
2145	VO01OD605308AZ9N	0	0	2018-12-13 12:14:03	2018-12-13 12:14:03
2146	VO01I9J62324CSQ1	0	0	2018-12-13 12:14:03	2018-12-13 12:14:03
2147	VO01VG46K7G530ZJ	0	0	2018-12-13 12:14:03	2018-12-13 12:14:03
2148	VO01847QI3J4C8SF	0	0	2018-12-13 12:14:03	2018-12-13 12:14:03
2149	VO01BV282U9E0373	0	0	2018-12-13 12:14:03	2018-12-13 12:14:03
2150	VO0114OCIFO5P1TD	0	0	2018-12-13 12:14:03	2018-12-13 12:14:03
2151	VO01VR5T88C692JI	0	0	2018-12-13 12:14:03	2018-12-13 12:14:03
2152	VO01R043G67O11V4	0	0	2018-12-13 12:14:03	2018-12-13 12:14:03
2153	VO018B7F7006ZD8E	0	0	2018-12-13 12:14:03	2018-12-13 12:14:03
2154	VO01I1JEZWY90C21	0	0	2018-12-13 12:14:03	2018-12-13 12:14:03
2155	VO0190Z3VRR9KS01	0	0	2018-12-13 12:14:03	2018-12-13 12:14:03
2156	VO016911Z3D4J9SB	0	0	2018-12-13 12:14:03	2018-12-13 12:14:03
2157	VO01YW7043V986G7	0	0	2018-12-13 12:14:03	2018-12-13 12:14:03
2158	VO016L15ZV84ZJ5A	0	0	2018-12-13 12:14:03	2018-12-13 12:14:03
2159	VO012V6E8576N67Y	0	0	2018-12-13 12:14:03	2018-12-13 12:14:03
2160	VO01Q0M777T13A9X	0	0	2018-12-13 12:14:03	2018-12-13 12:14:03
2161	VO01MX3VE4B59V82	0	0	2018-12-13 12:14:03	2018-12-13 12:14:03
2162	VO0185074W197374	0	0	2018-12-13 12:14:03	2018-12-13 12:14:03
2163	VO01OB77RQOVK149	0	0	2018-12-13 12:14:03	2018-12-13 12:14:03
2164	VO01LXD84LCZ37X7	0	0	2018-12-13 12:14:03	2018-12-13 12:14:03
2165	VO01T15U5NP8H4V0	0	0	2018-12-13 12:14:03	2018-12-13 12:14:03
2166	VO015S22B2XKXYN9	0	0	2018-12-13 12:14:03	2018-12-13 12:14:03
2167	VO0152QMB5E797EV	0	0	2018-12-13 12:14:03	2018-12-13 12:14:03
2168	VO01MH141IJ0QJL5	0	0	2018-12-13 12:14:03	2018-12-13 12:14:03
2169	VO013FMWRB475U53	0	0	2018-12-13 12:14:03	2018-12-13 12:14:03
2170	VO018F2O3B73R414	0	0	2018-12-13 12:14:03	2018-12-13 12:14:03
2171	VO01TY6EIUW67E6R	0	0	2018-12-13 12:14:03	2018-12-13 12:14:03
2172	VO019I71EF0H4VWN	0	0	2018-12-13 12:14:03	2018-12-13 12:14:03
2173	VO01M211E799Y5B9	0	0	2018-12-13 12:14:03	2018-12-13 12:14:03
2174	VO01D2605R5789IG	0	0	2018-12-13 12:14:03	2018-12-13 12:14:03
2175	VO012AH65LCHZ7ET	0	0	2018-12-13 12:14:03	2018-12-13 12:14:03
2176	VO01Y8R6AA8H5NAP	0	0	2018-12-13 12:14:03	2018-12-13 12:14:03
2177	VO01R3M8G4X3LC7C	0	0	2018-12-13 12:14:03	2018-12-13 12:14:03
2178	VO01Y18771O4DNVY	0	0	2018-12-13 12:14:03	2018-12-13 12:14:03
2179	VO010PEZS673KTF5	0	0	2018-12-13 12:14:03	2018-12-13 12:14:03
2180	VO01D157S3YGEBNQ	0	0	2018-12-13 12:14:03	2018-12-13 12:14:03
2181	VO017D436F5816GF	0	0	2018-12-13 12:14:03	2018-12-13 12:14:03
2182	VO01MT149H6RWBPC	0	0	2018-12-13 12:14:03	2018-12-13 12:14:03
2183	VO01KDQ88S673A74	0	0	2018-12-13 12:14:03	2018-12-13 12:14:03
2184	VO01U3F93ND7I8K2	0	0	2018-12-13 12:14:03	2018-12-13 12:14:03
2185	VO01OA4KFVSY149L	0	0	2018-12-13 12:14:03	2018-12-13 12:14:03
2186	VO01ZQC0V82B3TT0	0	0	2018-12-13 12:14:03	2018-12-13 12:14:03
2187	VO01MW337U38Z0VX	0	0	2018-12-13 12:14:03	2018-12-13 12:14:03
2188	VO013Q7689LA661F	0	0	2018-12-13 12:14:03	2018-12-13 12:14:03
2189	VO01I76G8BS7R79F	0	0	2018-12-13 12:14:03	2018-12-13 12:14:03
2190	VO01786084XXJ4SV	0	0	2018-12-13 12:14:03	2018-12-13 12:14:03
2191	VO01T91S8E0S49G2	0	0	2018-12-13 12:14:03	2018-12-13 12:14:03
2192	VO0167368ZFV9R3D	0	0	2018-12-13 12:14:03	2018-12-13 12:14:03
2193	VO01702YS00RQIR1	0	0	2018-12-13 12:14:03	2018-12-13 12:14:03
2194	VO01AT0WBLVFJ16T	0	0	2018-12-13 12:14:03	2018-12-13 12:14:03
2195	VO011CWK9TET4NFX	0	0	2018-12-13 12:14:03	2018-12-13 12:14:03
2196	VO01X857779WRBO0	0	0	2018-12-13 12:14:03	2018-12-13 12:14:03
2197	VO0132OF515T3GN0	0	0	2018-12-13 12:14:03	2018-12-13 12:14:03
2198	VO01KXE0OI632G9F	0	0	2018-12-13 12:14:03	2018-12-13 12:14:03
2199	VO01DO707TD35ZGP	0	0	2018-12-13 12:14:03	2018-12-13 12:14:03
2200	VO019T35C1YZV93V	0	0	2018-12-13 12:14:03	2018-12-13 12:14:03
2201	VO011F46MP9H4XX8	0	0	2018-12-13 12:14:03	2018-12-13 12:14:03
2202	VO011029I42556CG	0	0	2018-12-13 12:14:03	2018-12-13 12:14:03
2203	VO012T1EEX2O147G	0	0	2018-12-13 12:14:03	2018-12-13 12:14:03
2204	VO0182R6Z6782944	0	0	2018-12-13 12:14:03	2018-12-13 12:14:03
2205	VO019M9VVI627TIF	0	0	2018-12-13 12:14:03	2018-12-13 12:14:03
2206	VO01S0456246S1V5	0	0	2018-12-13 12:14:03	2018-12-13 12:14:03
2207	VO01B118D7E4Z1L6	0	0	2018-12-13 12:14:03	2018-12-13 12:14:03
2208	VO01106X66F5DHF7	0	0	2018-12-13 12:14:03	2018-12-13 12:14:03
2209	VO0160217PV3164Q	0	0	2018-12-13 12:14:03	2018-12-13 12:14:03
2210	VO01M5U7UG9L8UR5	0	0	2018-12-13 12:14:03	2018-12-13 12:14:03
2211	VO01WV6DSTO54W7P	0	0	2018-12-13 12:14:03	2018-12-13 12:14:03
2212	VO0187RO471605X3	0	0	2018-12-13 12:14:03	2018-12-13 12:14:03
2213	VO017B6UL8X5RIVZ	0	0	2018-12-13 12:14:03	2018-12-13 12:14:03
2214	VO01811W19TEYMF0	0	0	2018-12-13 12:14:03	2018-12-13 12:14:03
2215	VO0197JFOL0SC543	0	0	2018-12-13 12:14:03	2018-12-13 12:14:03
2216	VO01TAST570417KP	0	0	2018-12-13 12:14:03	2018-12-13 12:14:03
2217	VO01D9T2T7NTS595	0	0	2018-12-13 12:14:03	2018-12-13 12:14:03
2218	VO01CY95YKLE3D30	0	0	2018-12-13 12:14:03	2018-12-13 12:14:03
2219	VO012VUV5QQPRO40	0	0	2018-12-13 12:14:03	2018-12-13 12:14:03
2220	VO014H27I8T7Y12Y	0	0	2018-12-13 12:14:03	2018-12-13 12:14:03
2221	VO014Z12J3R870M5	0	0	2018-12-13 12:14:03	2018-12-13 12:14:03
2222	VO01VAF1A66QS003	0	0	2018-12-13 12:14:03	2018-12-13 12:14:03
2223	VO01J7L7YI6B105T	0	0	2018-12-13 12:14:03	2018-12-13 12:14:03
2224	VO0136C9348KT743	0	0	2018-12-13 12:14:03	2018-12-13 12:14:03
2225	VO01KSMICA3XVAVZ	0	0	2018-12-13 12:14:03	2018-12-13 12:14:03
2226	VO010ST39J9TG5KX	0	0	2018-12-13 12:14:03	2018-12-13 12:14:03
2227	VO01DCX04F1GN5DD	0	0	2018-12-13 12:14:03	2018-12-13 12:14:03
2228	VO01H16464WTU6J2	0	0	2018-12-13 12:14:03	2018-12-13 12:14:03
2229	VO018K8QV950Y8I0	0	0	2018-12-13 12:14:03	2018-12-13 12:14:03
2230	VO01072NQ9VQ92AS	0	0	2018-12-13 12:14:03	2018-12-13 12:14:03
2231	VO0178C6M0QF7566	0	0	2018-12-13 12:14:03	2018-12-13 12:14:03
2232	VO012JTJ84HP5753	0	0	2018-12-13 12:14:03	2018-12-13 12:14:03
2233	VO01MQ87UP62A3BS	0	0	2018-12-13 12:14:03	2018-12-13 12:14:03
2234	VO01E7V0X8KCK6EG	0	0	2018-12-13 12:14:03	2018-12-13 12:14:03
2235	VO01V2K70QK4666C	0	0	2018-12-13 12:14:03	2018-12-13 12:14:03
2236	VO014249APOLG3AF	0	0	2018-12-13 12:14:03	2018-12-13 12:14:03
2237	VO010E9UZ15T90Z9	0	0	2018-12-13 12:14:03	2018-12-13 12:14:03
2238	VO0138X47Z392616	0	0	2018-12-13 12:14:03	2018-12-13 12:14:03
2239	VO015G46T7Z1T77B	0	0	2018-12-13 12:14:03	2018-12-13 12:14:03
2240	VO01JR3V750U123S	0	0	2018-12-13 12:14:03	2018-12-13 12:14:03
2241	VO01J2V172563GT0	0	0	2018-12-13 12:14:03	2018-12-13 12:14:03
2242	VO0103HG06IG02F0	0	0	2018-12-13 12:14:03	2018-12-13 12:14:03
2243	VO01318W9L9P8Z93	0	0	2018-12-13 12:14:03	2018-12-13 12:14:03
2244	VO01TFUU243B24H5	0	0	2018-12-13 12:14:03	2018-12-13 12:14:03
2245	VO01X73H5YRG05E4	0	0	2018-12-13 12:14:03	2018-12-13 12:14:03
2246	VO01B2WR431QD67G	0	0	2018-12-13 12:14:03	2018-12-13 12:14:03
2247	VO0133J0DK6NLAJK	0	0	2018-12-13 12:14:03	2018-12-13 12:14:03
2248	VO015WU30S09U0ZN	0	0	2018-12-13 12:14:03	2018-12-13 12:14:03
2249	VO0177BJSL7L94NZ	0	0	2018-12-13 12:14:03	2018-12-13 12:14:03
2250	VO018VAU4BHB34S5	0	0	2018-12-13 12:14:03	2018-12-13 12:14:03
2251	VO01B8I92A1KFX66	0	0	2018-12-13 12:14:03	2018-12-13 12:14:03
2252	VO0135IOJERBJ9LG	0	0	2018-12-13 12:14:03	2018-12-13 12:14:03
2253	VO013EWYIA37IIFW	0	0	2018-12-13 12:14:03	2018-12-13 12:14:03
2254	VO01LT44XB62ZMBY	0	0	2018-12-13 12:14:03	2018-12-13 12:14:03
2255	VO01V56H1MIK4UWD	0	0	2018-12-13 12:14:03	2018-12-13 12:14:03
2256	VO015D6HYJ1QSQ34	0	0	2018-12-13 12:14:03	2018-12-13 12:14:03
2257	VO013989CIVS4QP4	0	0	2018-12-13 12:14:03	2018-12-13 12:14:03
2258	VO01320V7L9B26RQ	0	0	2018-12-13 12:14:03	2018-12-13 12:14:03
2259	VO0142UE8XBWMA1N	0	0	2018-12-13 12:14:03	2018-12-13 12:14:03
2260	VO0182U66IE431HC	0	0	2018-12-13 12:14:03	2018-12-13 12:14:03
2261	VO0188YZ5MHBKA60	0	0	2018-12-13 12:14:03	2018-12-13 12:14:03
2262	VO01VOCFF09AUCE2	0	0	2018-12-13 12:14:03	2018-12-13 12:14:03
2263	VO013G4SR9Z6678T	0	0	2018-12-13 12:14:03	2018-12-13 12:14:03
2264	VO018U6HXEXP390F	0	0	2018-12-13 12:14:03	2018-12-13 12:14:03
2265	VO01262243SAYUYU	0	0	2018-12-13 12:14:03	2018-12-13 12:14:03
2266	VO019325ICSDLCM4	0	0	2018-12-13 12:14:03	2018-12-13 12:14:03
2267	VO01H2Y34Q4J82Y3	0	0	2018-12-13 12:14:03	2018-12-13 12:14:03
2268	VO01TPK02L3WOL5Q	0	0	2018-12-13 12:14:03	2018-12-13 12:14:03
2269	VO013098990M5ULJ	0	0	2018-12-13 12:14:03	2018-12-13 12:14:03
2270	VO0112C737DJ8V65	0	0	2018-12-13 12:14:03	2018-12-13 12:14:03
2271	VO016DXCU4O8S34Y	0	0	2018-12-13 12:14:03	2018-12-13 12:14:03
2272	VO0164970357Y261	0	0	2018-12-13 12:14:03	2018-12-13 12:14:03
2273	VO01678R622PJ52W	0	0	2018-12-13 12:14:03	2018-12-13 12:14:03
2274	VO01KK1R881F7KW7	0	0	2018-12-13 12:14:03	2018-12-13 12:14:03
2275	VO01K27DY857PMRH	0	0	2018-12-13 12:14:03	2018-12-13 12:14:03
2276	VO01T3AEH04J4N35	0	0	2018-12-13 12:14:03	2018-12-13 12:14:03
2277	VO01XHQB924BIUNL	0	0	2018-12-13 12:14:03	2018-12-13 12:14:03
2278	VO01ND723ZOOO7S4	0	0	2018-12-13 12:14:03	2018-12-13 12:14:03
2279	VO018RS840T49L78	0	0	2018-12-13 12:14:03	2018-12-13 12:14:03
2280	VO017W8ZF59D5KH6	0	0	2018-12-13 12:14:03	2018-12-13 12:14:03
2281	VO0125KXYRAKJ2YI	0	0	2018-12-13 12:14:03	2018-12-13 12:14:03
2282	VO0130C1J50JFSC6	0	0	2018-12-13 12:14:03	2018-12-13 12:14:03
2283	VO01VX492A85V73F	0	0	2018-12-13 12:14:03	2018-12-13 12:14:03
2284	VO01G55VL2M349P1	0	0	2018-12-13 12:14:03	2018-12-13 12:14:03
2285	VO01999T2T68JN4C	0	0	2018-12-13 12:14:03	2018-12-13 12:14:03
2286	VO0197273DF02618	0	0	2018-12-13 12:14:03	2018-12-13 12:14:03
2287	VO01808644QXDKCM	0	0	2018-12-13 12:14:03	2018-12-13 12:14:03
2288	VO011271AA59759B	0	0	2018-12-13 12:14:03	2018-12-13 12:14:03
2289	VO01JEYC0PF8X84D	0	0	2018-12-13 12:14:03	2018-12-13 12:14:03
2290	VO013T32L099FJ7U	0	0	2018-12-13 12:14:03	2018-12-13 12:14:03
2291	VO01JEK74349RIRZ	0	0	2018-12-13 12:14:03	2018-12-13 12:14:03
2292	VO011M3Z65YRB2AW	0	0	2018-12-13 12:14:03	2018-12-13 12:14:03
2293	VO019HES82F0Y5Z9	0	0	2018-12-13 12:14:03	2018-12-13 12:14:03
2294	VO01KBB99Z403Q52	0	0	2018-12-13 12:14:03	2018-12-13 12:14:03
2295	VO0172FT7E5D5G8S	0	0	2018-12-13 12:14:03	2018-12-13 12:14:03
2296	VO0152HRO3544RKC	0	0	2018-12-13 12:14:03	2018-12-13 12:14:03
2297	VO01P1N8XBMJ2349	0	0	2018-12-13 12:14:03	2018-12-13 12:14:03
2298	VO016194I0026026	0	0	2018-12-13 12:14:03	2018-12-13 12:14:03
2299	VO01PSRL4RSQ2758	0	0	2018-12-13 12:14:03	2018-12-13 12:14:03
2300	VO01QN6337Q9ULNA	0	0	2018-12-13 12:14:03	2018-12-13 12:14:03
2301	VO01NUX62BML726U	0	0	2018-12-13 12:14:03	2018-12-13 12:14:03
2302	VO013MX8DJ213A38	0	0	2018-12-13 12:14:03	2018-12-13 12:14:03
2303	VO01124C6ZULURTQ	0	0	2018-12-13 12:14:03	2018-12-13 12:14:03
2304	VO01451V54PQ311A	0	0	2018-12-13 12:14:03	2018-12-13 12:14:03
2305	VO01TKBVF6G7WZE9	0	0	2018-12-13 12:14:03	2018-12-13 12:14:03
2306	VO01H721RS032ZL6	0	0	2018-12-13 12:14:03	2018-12-13 12:14:03
2307	VO01UL4JM2471N2Z	0	0	2018-12-13 12:14:03	2018-12-13 12:14:03
2308	VO01ZPU9924CI1D0	0	0	2018-12-13 12:14:03	2018-12-13 12:14:03
2309	VO01T5LV659LWG58	0	0	2018-12-13 12:14:03	2018-12-13 12:14:03
2310	VO012MY0LOH95838	0	0	2018-12-13 12:14:03	2018-12-13 12:14:03
2311	VO01U2EQO9U2J357	0	0	2018-12-13 12:14:03	2018-12-13 12:14:03
2312	VO017WY11T9W6BI9	0	0	2018-12-13 12:14:03	2018-12-13 12:14:03
2313	VO01N3N4326EO82Y	0	0	2018-12-13 12:14:03	2018-12-13 12:14:03
2314	VO01Q06IR79003Z9	0	0	2018-12-13 12:14:03	2018-12-13 12:14:03
2315	VO01D1GYX13TJDGO	0	0	2018-12-13 12:14:03	2018-12-13 12:14:03
2316	VO01UCL8U44945D1	0	0	2018-12-13 12:14:03	2018-12-13 12:14:03
2317	VO01OP5QK3WPSDZ1	0	0	2018-12-13 12:14:03	2018-12-13 12:14:03
2318	VO01YOAH42082699	0	0	2018-12-13 12:14:03	2018-12-13 12:14:03
2319	VO01S9XB0R19J66D	0	0	2018-12-13 12:14:03	2018-12-13 12:14:03
2320	VO01VLCWS7THL829	0	0	2018-12-13 12:14:03	2018-12-13 12:14:03
2321	VO01E8V72XF455NI	0	0	2018-12-13 12:14:03	2018-12-13 12:14:03
2322	VO016GQ31G176069	0	0	2018-12-13 12:14:03	2018-12-13 12:14:03
2323	VO01240L3RJ3Z07V	0	0	2018-12-13 12:14:03	2018-12-13 12:14:03
2324	VO014706EWTOS211	0	0	2018-12-13 12:14:03	2018-12-13 12:14:03
2325	VO01PK4098QW48T3	0	0	2018-12-13 12:14:03	2018-12-13 12:14:03
2326	VO012548OPT03U37	0	0	2018-12-13 12:14:03	2018-12-13 12:14:03
2327	VO01AY7EIOXNZ2XO	0	0	2018-12-13 12:14:03	2018-12-13 12:14:03
2328	VO015EJ8UL0R1ZE3	0	0	2018-12-13 12:14:03	2018-12-13 12:14:03
2329	VO019C0FIW729D84	0	0	2018-12-13 12:14:03	2018-12-13 12:14:03
2330	VO0162PJR93GGFI3	0	0	2018-12-13 12:14:03	2018-12-13 12:14:03
2331	VO011X12Y1OJ4707	0	0	2018-12-13 12:14:03	2018-12-13 12:14:03
2332	VO01F5O914B8P7JU	0	0	2018-12-13 12:14:03	2018-12-13 12:14:03
2333	VO01E9PUPS60V2FJ	0	0	2018-12-13 12:14:03	2018-12-13 12:14:03
2334	VO0152W9XWP8R7O5	0	0	2018-12-13 12:14:03	2018-12-13 12:14:03
2335	VO010JAGJ0567K3X	0	0	2018-12-13 12:14:03	2018-12-13 12:14:03
2336	VO0170D6S1X029J0	0	0	2018-12-13 12:14:03	2018-12-13 12:14:03
2337	VO014FAMN138ID91	0	0	2018-12-13 12:14:03	2018-12-13 12:14:03
2338	VO01J067U72JBC7O	0	0	2018-12-13 12:14:03	2018-12-13 12:14:03
2339	VO01S1728R8PZA59	0	0	2018-12-13 12:14:03	2018-12-13 12:14:03
2340	VO01579S1EO1X2HT	0	0	2018-12-13 12:14:03	2018-12-13 12:14:03
2341	VO01R8S8MSCT6BN2	0	0	2018-12-13 12:14:03	2018-12-13 12:14:03
2342	VO01ANALFUE39TQ9	0	0	2018-12-13 12:14:03	2018-12-13 12:14:03
2343	VO01C47FU9C3MKKK	0	0	2018-12-13 12:14:03	2018-12-13 12:14:03
2344	VO016XRZ303JKGQ9	0	0	2018-12-13 12:14:03	2018-12-13 12:14:03
2345	VO01M621J5O32OMC	0	0	2018-12-13 12:14:03	2018-12-13 12:14:03
2346	VO019CU7LD079NR1	0	0	2018-12-13 12:14:03	2018-12-13 12:14:03
2347	VO01D88S601CP8AZ	0	0	2018-12-13 12:14:03	2018-12-13 12:14:03
2348	VO01S3ZNOPH3CGKI	0	0	2018-12-13 12:14:03	2018-12-13 12:14:03
2349	VO012VKUAAFT5P4P	0	0	2018-12-13 12:14:03	2018-12-13 12:14:03
2350	VO01Z95082470G94	0	0	2018-12-13 12:14:03	2018-12-13 12:14:03
2351	VO01E90SLKLY95CA	0	0	2018-12-13 12:14:03	2018-12-13 12:14:03
2352	VO01807B289U53EG	0	0	2018-12-13 12:14:03	2018-12-13 12:14:03
2353	VO01M60S94RJ07BA	0	0	2018-12-13 12:14:03	2018-12-13 12:14:03
2354	VO01HJY4Q7X26A05	0	0	2018-12-13 12:14:03	2018-12-13 12:14:03
2355	VO01W8L38S799O98	0	0	2018-12-13 12:14:03	2018-12-13 12:14:03
2356	VO01OO386PG917LC	0	0	2018-12-13 12:14:03	2018-12-13 12:14:03
2357	VO01B8BA49P7JMFL	0	0	2018-12-13 12:14:03	2018-12-13 12:14:03
2358	VO018KDQYW0B76NL	0	0	2018-12-13 12:14:03	2018-12-13 12:14:03
2359	VO01KXSD53F648V5	0	0	2018-12-13 12:14:03	2018-12-13 12:14:03
2360	VO0193RE62LSMN6U	0	0	2018-12-13 12:14:03	2018-12-13 12:14:03
2361	VO011ZCA7NU68F0J	0	0	2018-12-13 12:14:03	2018-12-13 12:14:03
2362	VO0175DP5SI6557P	0	0	2018-12-13 12:14:03	2018-12-13 12:14:03
2363	VO01O7V5RX0Q6OVG	0	0	2018-12-13 12:14:03	2018-12-13 12:14:03
2364	VO0149K4CD2TF096	0	0	2018-12-13 12:14:03	2018-12-13 12:14:03
2365	VO01G91S7105G267	0	0	2018-12-13 12:14:03	2018-12-13 12:14:03
2366	VO01UC0F6FB194X9	0	0	2018-12-13 12:14:03	2018-12-13 12:14:03
2367	VO019IL1V5MY061I	0	0	2018-12-13 12:14:03	2018-12-13 12:14:03
2368	VO01OJ9RVYX02480	0	0	2018-12-13 12:14:03	2018-12-13 12:14:03
2369	VO0188M8N049YIZ6	0	0	2018-12-13 12:14:03	2018-12-13 12:14:03
2370	VO018Z79OUECJW9Y	0	0	2018-12-13 12:14:03	2018-12-13 12:14:03
2371	VO011B5R943PBVY5	0	0	2018-12-13 12:14:03	2018-12-13 12:14:03
2372	VO01TP2KT5CSEDXF	0	0	2018-12-13 12:14:03	2018-12-13 12:14:03
2373	VO01QVS51D4F07ZL	0	0	2018-12-13 12:14:03	2018-12-13 12:14:03
2374	VO01DGY6R6F358X7	0	0	2018-12-13 12:14:03	2018-12-13 12:14:03
2375	VO019V0R4DEJ5L5O	0	0	2018-12-13 12:14:03	2018-12-13 12:14:03
2376	VO01R0K1OR9C6E24	0	0	2018-12-13 12:14:03	2018-12-13 12:14:03
2377	VO01U2DZZ4487T2V	0	0	2018-12-13 12:14:03	2018-12-13 12:14:03
2378	VO01N30P4RGHA10Q	0	0	2018-12-13 12:14:03	2018-12-13 12:14:03
2379	VO01U1V805IRI97M	0	0	2018-12-13 12:14:03	2018-12-13 12:14:03
2380	VO01PH52B90LK76V	0	0	2018-12-13 12:14:03	2018-12-13 12:14:03
2381	VO01579WFPAOH08K	0	0	2018-12-13 12:14:03	2018-12-13 12:14:03
2382	VO010W3MS134587Y	0	0	2018-12-13 12:14:03	2018-12-13 12:14:03
2383	VO01IKO9545J661H	0	0	2018-12-13 12:14:03	2018-12-13 12:14:03
2384	VO01LKCGZU564XP8	0	0	2018-12-13 12:14:03	2018-12-13 12:14:03
2385	VO01BM65IMU90C1N	0	0	2018-12-13 12:14:03	2018-12-13 12:14:03
2386	VO01R8P345EY8939	0	0	2018-12-13 12:14:03	2018-12-13 12:14:03
2387	VO010YR1H23QS34D	0	0	2018-12-13 12:14:03	2018-12-13 12:14:03
2388	VO019EU8637VLQ19	0	0	2018-12-13 12:14:03	2018-12-13 12:14:03
2389	VO012082MAV55ROH	0	0	2018-12-13 12:14:03	2018-12-13 12:14:03
2390	VO01NU55Y8LRM61U	0	0	2018-12-13 12:14:03	2018-12-13 12:14:03
2391	VO010IT4A4I1E641	0	0	2018-12-13 12:14:03	2018-12-13 12:14:03
2392	VO0152EC1J41D64G	0	0	2018-12-13 12:14:03	2018-12-13 12:14:03
2393	VO01HM51UO018R9G	0	0	2018-12-13 12:14:03	2018-12-13 12:14:03
2394	VO014R2PHI73IN2Z	0	0	2018-12-13 12:14:03	2018-12-13 12:14:03
2395	VO018SSC1THQ1MIF	0	0	2018-12-13 12:14:03	2018-12-13 12:14:03
2396	VO01Y1Y35W0BZB57	0	0	2018-12-13 12:14:03	2018-12-13 12:14:03
2397	VO013A5TH5405LE4	0	0	2018-12-13 12:14:03	2018-12-13 12:14:03
2398	VO01577E8914S64P	0	0	2018-12-13 12:14:03	2018-12-13 12:14:03
2399	VO011A8IF6Q3GS56	0	0	2018-12-13 12:14:03	2018-12-13 12:14:03
2400	VO01V2NWOJ2X7TCJ	0	0	2018-12-13 12:14:03	2018-12-13 12:14:03
2401	VO01F83UYZKZR8GV	0	0	2018-12-13 12:14:03	2018-12-13 12:14:03
2402	VO01E32ZAFFU0103	0	0	2018-12-13 12:14:03	2018-12-13 12:14:03
2403	VO012E565S715JVQ	0	0	2018-12-13 12:14:03	2018-12-13 12:14:03
2404	VO011ZD03T860NPL	0	0	2018-12-13 12:14:03	2018-12-13 12:14:03
2405	VO01YB1Z07B09I79	0	0	2018-12-13 12:14:03	2018-12-13 12:14:03
2406	VO01374QH1X8F976	0	0	2018-12-13 12:14:03	2018-12-13 12:14:03
2407	VO01WD38N417XGDF	0	0	2018-12-13 12:14:03	2018-12-13 12:14:03
2408	VO01BCU80Q52XPJN	0	0	2018-12-13 12:14:03	2018-12-13 12:14:03
2409	VO01212G8UQPQS02	0	0	2018-12-13 12:14:03	2018-12-13 12:14:03
2410	VO01MLVK2G2Y6U6Q	0	0	2018-12-13 12:14:03	2018-12-13 12:14:03
2411	VO01S7ID2523U99E	0	0	2018-12-13 12:14:03	2018-12-13 12:14:03
2412	VO01D087S148F303	0	0	2018-12-13 12:14:03	2018-12-13 12:14:03
2413	VO016110GND8066V	0	0	2018-12-13 12:14:03	2018-12-13 12:14:03
2414	VO013R19V27JO449	0	0	2018-12-13 12:14:03	2018-12-13 12:14:03
2415	VO01W03J08953TMY	0	0	2018-12-13 12:14:03	2018-12-13 12:14:03
2416	VO01F447089MNW5W	0	0	2018-12-13 12:14:03	2018-12-13 12:14:03
2417	VO015S51MAF42PL8	0	0	2018-12-13 12:14:03	2018-12-13 12:14:03
2418	VO011969N7WDS76V	0	0	2018-12-13 12:14:03	2018-12-13 12:14:03
2419	VO01RXPZK9794CN4	0	0	2018-12-13 12:14:03	2018-12-13 12:14:03
2420	VO01K9VY2VG63RDQ	0	0	2018-12-13 12:14:03	2018-12-13 12:14:03
2421	VO017W9ZG0D4H9I1	0	0	2018-12-13 12:14:03	2018-12-13 12:14:03
2422	VO019Q261XVJMWXV	0	0	2018-12-13 12:14:03	2018-12-13 12:14:03
2423	VO01L83V985LN7HJ	0	0	2018-12-13 12:14:03	2018-12-13 12:14:03
2424	VO01K276T1856MUI	0	0	2018-12-13 12:14:03	2018-12-13 12:14:03
2425	VO01U8161W1LIJ62	0	0	2018-12-13 12:14:03	2018-12-13 12:14:03
2426	VO01887AI5NR74B5	0	0	2018-12-13 12:14:03	2018-12-13 12:14:03
2427	VO015Y7YU91VL9YA	0	0	2018-12-13 12:14:03	2018-12-13 12:14:03
2428	VO01N88597A90E1J	0	0	2018-12-13 12:14:03	2018-12-13 12:14:03
2429	VO01T4A99S8AM1Q2	0	0	2018-12-13 12:14:03	2018-12-13 12:14:03
2430	VO0121UF5PWWC1W3	0	0	2018-12-13 12:14:03	2018-12-13 12:14:03
2431	VO01176F09821983	0	0	2018-12-13 12:14:03	2018-12-13 12:14:03
2432	VO017VN0JNGT9T53	0	0	2018-12-13 12:14:03	2018-12-13 12:14:03
2433	VO014G16700F4FQT	0	0	2018-12-13 12:14:03	2018-12-13 12:14:03
2434	VO01FYKJ3ETOSI4E	0	0	2018-12-13 12:14:03	2018-12-13 12:14:03
2435	VO01P07G9P92D4SS	0	0	2018-12-13 12:14:03	2018-12-13 12:14:03
2436	VO01USNA200S059J	0	0	2018-12-13 12:14:03	2018-12-13 12:14:03
2437	VO01E4WOPFDJY1OA	0	0	2018-12-13 12:14:03	2018-12-13 12:14:03
2438	VO017L7817511227	0	0	2018-12-13 12:14:03	2018-12-13 12:14:03
2439	VO01R3Z6CT36Y3J0	0	0	2018-12-13 12:14:03	2018-12-13 12:14:03
2440	VO01M02W4W4R7N09	0	0	2018-12-13 12:14:03	2018-12-13 12:14:03
2441	VO01K3AX660YH7M7	0	0	2018-12-13 12:14:03	2018-12-13 12:14:03
2442	VO014OFHG4Q21VJH	0	0	2018-12-13 12:14:03	2018-12-13 12:14:03
2443	VO014OWH07L906NZ	0	0	2018-12-13 12:14:03	2018-12-13 12:14:03
2444	VO01G701695RR713	0	0	2018-12-13 12:14:03	2018-12-13 12:14:03
2445	VO016QX9J5QD075B	0	0	2018-12-13 12:14:03	2018-12-13 12:14:03
2446	VO01U707I009WX69	0	0	2018-12-13 12:14:03	2018-12-13 12:14:03
2447	VO01BBDF862AW2Z8	0	0	2018-12-13 12:14:03	2018-12-13 12:14:03
2448	VO01LF39ZMCR7XYT	0	0	2018-12-13 12:14:03	2018-12-13 12:14:03
2449	VO012VITGYCG599B	0	0	2018-12-13 12:14:03	2018-12-13 12:14:03
2450	VO01LKZ5LINS5Q10	0	0	2018-12-13 12:14:03	2018-12-13 12:14:03
2451	VO01276LMJV28OSC	0	0	2018-12-13 12:14:03	2018-12-13 12:14:03
2452	VO019A1764I7Q0TW	0	0	2018-12-13 12:14:03	2018-12-13 12:14:03
2453	VO0148YGXV25R871	0	0	2018-12-13 12:14:03	2018-12-13 12:14:03
2454	VO0111PI2F73A543	0	0	2018-12-13 12:14:03	2018-12-13 12:14:03
2455	VO0123O765T6K22R	0	0	2018-12-13 12:14:03	2018-12-13 12:14:03
2456	VO016W049LSTRRU8	0	0	2018-12-13 12:14:03	2018-12-13 12:14:03
2457	VO016R6Z3KK1K647	0	0	2018-12-13 12:14:03	2018-12-13 12:14:03
2458	VO01K6ESQ9829871	0	0	2018-12-13 12:14:03	2018-12-13 12:14:03
2459	VO0164OR6BGF5Q4A	0	0	2018-12-13 12:14:03	2018-12-13 12:14:03
2460	VO012VF49X6412FD	0	0	2018-12-13 12:14:03	2018-12-13 12:14:03
2461	VO01OHA3I764HE5L	0	0	2018-12-13 12:14:03	2018-12-13 12:14:03
2462	VO0190P26JFRV9NG	0	0	2018-12-13 12:14:03	2018-12-13 12:14:03
2463	VO01J72WVK004621	0	0	2018-12-13 12:14:03	2018-12-13 12:14:03
2464	VO01Y1D3F91ESV6Y	0	0	2018-12-13 12:14:03	2018-12-13 12:14:03
2465	VO01T8EN7N0HQ9V8	0	0	2018-12-13 12:14:03	2018-12-13 12:14:03
2466	VO018OV5P310PX1C	0	0	2018-12-13 12:14:03	2018-12-13 12:14:03
2467	VO0148BQVH4B8JLU	0	0	2018-12-13 12:14:03	2018-12-13 12:14:03
2468	VO01F16QJ7W6968V	0	0	2018-12-13 12:14:03	2018-12-13 12:14:03
2469	VO0169KZKN4WA874	0	0	2018-12-13 12:14:03	2018-12-13 12:14:03
2470	VO0163LH66IBC5F2	0	0	2018-12-13 12:14:03	2018-12-13 12:14:03
2471	VO015Z21078V6443	0	0	2018-12-13 12:14:03	2018-12-13 12:14:03
2472	VO014G5790PZY95W	0	0	2018-12-13 12:14:03	2018-12-13 12:14:03
2473	VO0136GD04JRPG6B	0	0	2018-12-13 12:14:03	2018-12-13 12:14:03
2474	VO010NN6I2062O2E	0	0	2018-12-13 12:14:03	2018-12-13 12:14:03
2475	VO01903549N055IW	0	0	2018-12-13 12:14:03	2018-12-13 12:14:03
2476	VO01937LLB0900ZA	0	0	2018-12-13 12:14:03	2018-12-13 12:14:03
2477	VO0176774HH9TZ38	0	0	2018-12-13 12:14:03	2018-12-13 12:14:03
2478	VO01U3IF9SCMIH30	0	0	2018-12-13 12:14:03	2018-12-13 12:14:03
2479	VO01Y391DM52NXN8	0	0	2018-12-13 12:14:03	2018-12-13 12:14:03
2480	VO01YDBTP0O0CV19	0	0	2018-12-13 12:14:03	2018-12-13 12:14:03
2481	VO01ZNT0N80RN294	0	0	2018-12-13 12:14:03	2018-12-13 12:14:03
2482	VO0109A67488S7YO	0	0	2018-12-13 12:14:03	2018-12-13 12:14:03
2483	VO01G0Y57EW7LLB4	0	0	2018-12-13 12:14:03	2018-12-13 12:14:03
2484	VO01NR14FB7GZ3M6	0	0	2018-12-13 12:14:03	2018-12-13 12:14:03
2485	VO01FX25301YEY0X	0	0	2018-12-13 12:14:03	2018-12-13 12:14:03
2486	VO01L936KZ9Z8IU5	0	0	2018-12-13 12:14:03	2018-12-13 12:14:03
2487	VO01X66Z5T2JNADW	0	0	2018-12-13 12:14:03	2018-12-13 12:14:03
2488	VO01JG26FWA19I52	0	0	2018-12-13 12:14:03	2018-12-13 12:14:03
2489	VO01G4432BGEV18T	0	0	2018-12-13 12:14:03	2018-12-13 12:14:03
2490	VO01A6AFLBRDD5AO	0	0	2018-12-13 12:14:03	2018-12-13 12:14:03
2491	VO0177S8T691ND5U	0	0	2018-12-13 12:14:03	2018-12-13 12:14:03
2492	VO01H1JS50K3O423	0	0	2018-12-13 12:14:03	2018-12-13 12:14:03
2493	VO01D7ZO94LTES16	0	0	2018-12-13 12:14:03	2018-12-13 12:14:03
2494	VO01836IVXL3NNPL	0	0	2018-12-13 12:14:03	2018-12-13 12:14:03
2495	VO01Q7L6SMS9VW0N	0	0	2018-12-13 12:14:03	2018-12-13 12:14:03
2496	VO01RJ6WD4268E8R	0	0	2018-12-13 12:14:03	2018-12-13 12:14:03
2497	VO013414Z55B307O	0	0	2018-12-13 12:14:03	2018-12-13 12:14:03
2498	VO01LPP9VG2NN79I	0	0	2018-12-13 12:14:03	2018-12-13 12:14:03
2499	VO01DC7Z14J1VK0C	0	0	2018-12-13 12:14:03	2018-12-13 12:14:03
2500	VO01JVFKS33YN52G	0	0	2018-12-13 12:14:03	2018-12-13 12:14:03
